index,age,tagged,visited,relationship,rank,conscious,mental_status,breathing,hrpmin,intent,directness_of_causality,unvisited_count,injured_count,others_tagged_or_uninjured,questioning,assessing,treating,tagging,leaving,treatment,All Predictors.mission(8)-denial(3).time,All Predictors.mission(8)-denial(3).resources,All Predictors.mission(8)-denial(3).risk_reward_ratio,All Predictors.mission(8)-denial(3).system,HRA Strategy.time-resources.take-the-best,HRA Strategy.time-resources.exhaustive,HRA Strategy.time-resources.tallying,HRA Strategy.time-resources.satisfactory,HRA Strategy.time-resources.one-bounce,HRA Strategy.time-risk_reward_ratio.take-the-best,HRA Strategy.time-risk_reward_ratio.exhaustive,HRA Strategy.time-risk_reward_ratio.tallying,HRA Strategy.time-risk_reward_ratio.satisfactory,HRA Strategy.time-risk_reward_ratio.one-bounce,HRA Strategy.time-system.take-the-best,HRA Strategy.time-system.exhaustive,HRA Strategy.time-system.tallying,HRA Strategy.time-system.satisfactory,HRA Strategy.time-system.one-bounce,HRA Strategy.resources-risk_reward_ratio.take-the-best,HRA Strategy.resources-risk_reward_ratio.exhaustive,HRA Strategy.resources-risk_reward_ratio.tallying,HRA Strategy.resources-risk_reward_ratio.satisfactory,HRA Strategy.resources-risk_reward_ratio.one-bounce,HRA Strategy.resources-system.take-the-best,HRA Strategy.resources-system.exhaustive,HRA Strategy.resources-system.tallying,HRA Strategy.resources-system.satisfactory,HRA Strategy.resources-system.one-bounce,HRA Strategy.risk_reward_ratio-system.take-the-best,HRA Strategy.risk_reward_ratio-system.exhaustive,HRA Strategy.risk_reward_ratio-system.tallying,HRA Strategy.risk_reward_ratio-system.satisfactory,HRA Strategy.risk_reward_ratio-system.one-bounce,HRA Strategy.time-resources-risk_reward_ratio.take-the-best,HRA Strategy.time-resources-risk_reward_ratio.exhaustive,HRA Strategy.time-resources-risk_reward_ratio.tallying,HRA Strategy.time-resources-risk_reward_ratio.satisfactory,HRA Strategy.time-resources-risk_reward_ratio.one-bounce,HRA Strategy.time-resources-system.take-the-best,HRA Strategy.time-resources-system.exhaustive,HRA Strategy.time-resources-system.tallying,HRA Strategy.time-resources-system.satisfactory,HRA Strategy.time-resources-system.one-bounce,HRA Strategy.time-risk_reward_ratio-system.take-the-best,HRA Strategy.time-risk_reward_ratio-system.exhaustive,HRA Strategy.time-risk_reward_ratio-system.tallying,HRA Strategy.time-risk_reward_ratio-system.satisfactory,HRA Strategy.time-risk_reward_ratio-system.one-bounce,HRA Strategy.resources-risk_reward_ratio-system.take-the-best,HRA Strategy.resources-risk_reward_ratio-system.exhaustive,HRA Strategy.resources-risk_reward_ratio-system.tallying,HRA Strategy.resources-risk_reward_ratio-system.satisfactory,HRA Strategy.resources-risk_reward_ratio-system.one-bounce,HRA Strategy.time-resources-risk_reward_ratio-system.take-the-best,HRA Strategy.time-resources-risk_reward_ratio-system.exhaustive,HRA Strategy.time-resources-risk_reward_ratio-system.tallying,HRA Strategy.time-resources-risk_reward_ratio-system.satisfactory,HRA Strategy.time-resources-risk_reward_ratio-system.one-bounce,Take-The-Best Priority,Exhaustive Priority,Tallying Priority,Satisfactory Priority,One-Bounce Priority,pDeath,pPain,pBrainInjury,pAirwayBlocked,pInternalBleeding,pExternalBleeding,SEVERITY,SUPPLIES_REMAINING,AVERAGE_TIME_USED,DAMAGE_PER_SECOND,MEDSIM_P_DEATH,MEDSIM_P_DEATH_ONE_MIN_LATER,SEVERITY_CHANGE,SUPPLIES_USED,ACTION_TARGET_SEVERITY,ACTION_TARGET_SEVERITY_CHANGE,SEVEREST_SEVERITY,SEVEREST_SEVERITY_CHANGE,NONDETERMINISM.outcome_0.PROBABILITY,NONDETERMINISM.outcome_0.SEVERITY,NONDETERMINISM.outcome_0.AVERAGE_TIME_USED,NONDETERMINISM.outcome_0.JUSTIFICATION.severity,NONDETERMINISM.outcome_0.JUSTIFICATION.morbidity,NONDETERMINISM.outcome_0.MORBIDITY.MEDSIM_P_DEATH,NONDETERMINISM.outcome_0.MORBIDITY.HIGHEST_P_DEATH,hash,actions,action-string,pre-action-string,action-len,action-hash,pre-action-hash,state-hash,action,feedback.count,feedback.MoralDesert.min,feedback.MoralDesert.max,feedback.MoralDesert.average,feedback.MoralDesert.variance,feedback.MoralDesert-discounted,feedback_delta.MoralDesert.min,feedback_delta.MoralDesert.max,feedback_delta.MoralDesert.average,feedback_delta.MoralDesert.variance,feedback_delta.count,hint.MoralDesert,NONDETERMINISM.outcome_2.AVERAGE_TIME_USED,NONDETERMINISM.outcome_2.SEVERITY,NONDETERMINISM.outcome_2.JUSTIFICATION.morbidity,NONDETERMINISM.outcome_2.PROBABILITY,NONDETERMINISM.outcome_2.JUSTIFICATION.severity,NONDETERMINISM.outcome_2.MORBIDITY.MEDSIM_P_DEATH,NONDETERMINISM.outcome_2.MORBIDITY.HIGHEST_P_DEATH
1,None,False,False,neutral,None,None,None,None,None,no intent,none,2,0,2,False,False,True,False,False,Nasopharyngeal airway,seconds,few,low,equal,1,1,1,1,1,0,0,0,0,0,0,0,0,0,0,0,0,0,0,0,0,0,0,0,0,0,0,0,0,0,1,1,1,1,1,1,0,0,0,0,0,0,0,0,0,0,0,0,0,0,1,0,0,0,0,False,False,False,False,False,0.001368297421858035,0.0,0.0020133201584169934,0.0007182455429179101,0.0,0.0,1750.0,23.0,35.0,40.0,0.09999999999999998,0.9999,50.0,1.0,1750.0,50.0,1750.0,50.0,1.0,1750.0,35.0,Damage Per Second 40.0,probability burn death: 10.0 % probability bleed out: 0.0 % probability asphixia: 0.0 % probability death: 9.999999999999998 %,0.09999999999999998,0.09999999999999998,1248466349816007992,"[{'name': 'APPLY_TREATMENT', 'params': {'casualty': 'innocent_soldier', 'location': 'left face', 'treatment': 'Nasopharyngeal airway'}}]","APPLY_TREATMENT,innocent_soldier,Nasopharyngeal airway,left face,",,1,-6176115879489397658,0,3374349340173542429,"{'name': 'APPLY_TREATMENT', 'params': {'casualty': 'innocent_soldier', 'location': 'left face', 'treatment': 'Nasopharyngeal airway'}}",186,1.0,1.0,1.0,0.0,1.0,1.0,0.0,0.42500000000000004,-0.24449724862431216,1814,1.0,None,None,None,None,None,None,None
2,None,False,False,neutral,None,None,None,None,None,no intent,somewhat indirect,2,1,2,False,True,False,False,False,None,seconds,few,low,equal,0,0,0,0,0,0,0,0,0,0,0,0,0,0,0,0,0,0,0,0,1,1,1,1,1,0,0,0,0,0,0,0,0,0,0,0,1,1,1,1,0,0,0,0,0,1,1,1,1,1,0,1,1,1,1,False,False,False,True,True,0.003114414593219177,0.0,0.002824856691922914,0.0012909283579973102,0.0,0.0,3600.0,24.0,45.0,80.0,0.75,0.99999999,80.0,-0.0,0.0,0.0,3600.0,80.0,1.0,3600.0,45.0,Damage Per Second 80.0,probability burn death: 50.0 % probability bleed out: 0.0 % probability asphixia: 50.0 % probability death: 75.0 %,0.75,0.75,-416745437906947196,"[{'name': 'CHECK_ALL_VITALS', 'params': {'casualty': 'intox_soldier_1'}}]","CHECK_ALL_VITALS,intox_soldier_1,,,",,1,8952592966218486510,0,-1939127374776179966,"{'name': 'CHECK_ALL_VITALS', 'params': {'casualty': 'intox_soldier_1'}}",248,0.0,1.0,0.5,0.25101214574898784,0.40328056451612904,0.0,0.0,-0.07499999999999996,0.006514897124675678,1752,None,None,None,None,None,None,None,None
3,None,None,None,None,None,None,None,None,None,None,None,2,2,3,True,False,False,False,False,None,seconds,few,low,equal,None,None,None,None,None,None,None,None,None,None,None,None,None,None,None,None,None,None,None,None,None,None,None,None,None,None,None,None,None,None,None,None,None,None,None,None,None,None,None,None,None,None,None,None,None,None,None,None,None,None,None,None,None,None,None,False,False,False,False,False,None,None,None,None,None,None,14670.0,24.0,45.0,81.5,0.99999999,0.99999999,326.0,-0.0,None,None,14400.0,320.0,1.0,14670.0,45.0,Damage Per Second 326.0,probability burn death: 99.99 % probability bleed out: 0.0 % probability asphixia: 99.99 % probability death: 99.99999899999999 %,0.99999999,0.99999999,-7527175910368946758,"[{'name': 'CHECK_ALL_VITALS', 'params': {'casualty': 'intox_soldier_1'}}, {'name': 'SITREP', 'params': {}}]","CHECK_ALL_VITALS,intox_soldier_1,,,;SITREP,,,,","CHECK_ALL_VITALS,intox_soldier_1,,,",2,-3416999021840928677,8952592966218486510,3059765715020893975,"{'name': 'SITREP', 'params': {}}",198,0.0,1.0,0.5252525252525253,0.2506281084961288,0.44635454545454545,0.0,0.0,0.00812923758129247,0.0007073422180008393,970,None,None,None,None,None,None,None,None
4,None,False,True,neutral,None,True,AGONY,RESTRICTED,None,no intent,none,0,2,2,False,False,True,False,False,Pain Medications,seconds,few,low,equal,0,0,0,0,1,0,0,0,0,1,0,1,0,0,0,0,0,0,0,0,0,0,0,0,0,0,0,0,0,0,0,0,0,0,1,0,1,0,0,0,0,1,0,0,0,0,0,0,0,0,0,1,0,0,0,False,False,False,False,False,0.8485915480785142,1.0,0.31663291748335176,0.04505697121514932,0.0,0.0,1690.0,23.0,20.0,84.5,0.18999999999999995,0.99999999,84.5,1.0,1630.0,81.5,1630.0,81.5,1.0,1690.0,20.0,Damage Per Second 84.5,probability burn death: 10.0 % probability bleed out: 0.0 % probability asphixia: 10.0 % probability death: 18.999999999999993 %,0.18999999999999995,0.18999999999999995,-159798786453108590,"[{'name': 'CHECK_ALL_VITALS', 'params': {'casualty': 'intox_soldier_1'}}, {'name': 'SITREP', 'params': {}}, {'name': 'APPLY_TREATMENT', 'params': {'casualty': 'innocent_soldier', 'location': 'unspecified', 'treatment': 'Pain Medications'}}]","CHECK_ALL_VITALS,intox_soldier_1,,,;SITREP,,,,;APPLY_TREATMENT,innocent_soldier,Pain Medications,unspecified,","CHECK_ALL_VITALS,intox_soldier_1,,,;SITREP,,,,",3,4022268408679794413,-3416999021840928677,-4907664909168188448,"{'name': 'APPLY_TREATMENT', 'params': {'casualty': 'innocent_soldier', 'location': 'unspecified', 'treatment': 'Pain Medications'}}",176,1.0,1.0,1.0,0.0,1.0,1.0,0.0,0.48275862068965514,-0.24999007975873974,694,1.0,None,None,None,None,None,None,None
5,None,False,False,neutral,None,None,None,None,None,no intent,somewhat indirect,2,1,2,True,False,False,False,False,None,seconds,few,low,equal,0,0,0,0,0,0,0,0,0,0,0,0,0,0,0,0,0,0,0,0,0,0,0,0,0,0,0,0,0,1,0,0,0,0,0,0,0,0,0,0,0,0,0,0,0,0,0,0,0,0,0,0,0,0,0,True,True,True,False,False,0.003114414593219177,0.0,0.0028248566919229132,0.0012909283579973102,0.0,0.0,3600.0,24.0,45.0,80.0,0.75,0.99999999,80.0,-0.0,0.0,0.0,3600.0,80.0,1.0,3600.0,45.0,Damage Per Second 80.0,probability burn death: 50.0 % probability bleed out: 0.0 % probability asphixia: 50.0 % probability death: 75.0 %,0.75,0.75,3155725103171135677,"[{'name': 'SITREP', 'params': {'casualty': 'intox_soldier_2'}}]","SITREP,intox_soldier_2,,,",,1,4526749633580620431,0,5993139285967474464,"{'name': 'SITREP', 'params': {'casualty': 'intox_soldier_2'}}",306,0.0,1.0,0.5359477124183006,0.2495231972570449,0.4140851764705883,0.0,0.0,-0.03905228758169932,0.00502594863273273,1694,None,None,None,None,None,None,None,None
6,None,False,True,neutral,None,True,CONFUSED,RESTRICTED,None,no intent,somewhat indirect,2,1,2,False,True,False,False,False,None,seconds,few,low,equal,0,0,0,0,0,0,0,0,0,0,0,0,1,1,0,0,0,0,0,0,1,1,1,1,1,1,1,1,1,1,0,0,0,0,0,0,0,1,1,1,0,0,1,1,0,1,1,1,1,1,0,0,0,1,1,True,True,True,False,False,0.7140511180821205,0.5331340531799253,0.267971402246564,0.06813877751765532,0.0,0.0,3667.5,24.0,45.0,81.5,0.75,0.99999999,81.5,-0.0,67.5,1.5,3600.0,80.0,1.0,3667.5,45.0,Damage Per Second 81.5,probability burn death: 50.0 % probability bleed out: 0.0 % probability asphixia: 50.0 % probability death: 75.0 %,0.75,0.75,8954057713003391933,"[{'name': 'SITREP', 'params': {'casualty': 'intox_soldier_2'}}, {'name': 'CHECK_ALL_VITALS', 'params': {'casualty': 'intox_soldier_2'}}]","SITREP,intox_soldier_2,,,;CHECK_ALL_VITALS,intox_soldier_2,,,","SITREP,intox_soldier_2,,,",2,7225693283718079707,4526749633580620431,-4749262675382982820,"{'name': 'CHECK_ALL_VITALS', 'params': {'casualty': 'intox_soldier_2'}}",26,0.0,1.0,0.5384615384615384,0.25846153846153846,0.4506923076923077,0.0,0.0,0.002513826043237799,0.008938341204493577,280,None,None,None,None,None,None,None,None
7,None,False,False,neutral,None,None,None,None,None,no intent,somewhat indirect,1,2,2,False,True,False,False,False,None,seconds,few,low,equal,0,0,0,0,0,0,0,0,0,0,0,0,0,0,0,0,0,0,0,0,1,1,1,1,1,0,0,0,0,0,0,0,0,0,0,0,1,1,1,1,0,0,0,0,0,1,1,1,1,1,0,1,1,1,1,False,False,False,True,True,0.003114414593219177,0.0,0.0028248566919229124,0.0012909283579973102,0.0,0.0,3667.5,24.0,45.0,81.5,0.75,0.99999999,81.5,-0.0,0.0,0.0,3600.0,80.0,1.0,3667.5,45.0,Damage Per Second 81.5,probability burn death: 50.0 % probability bleed out: 0.0 % probability asphixia: 50.0 % probability death: 75.0 %,0.75,0.75,5893872367118972485,"[{'name': 'SITREP', 'params': {'casualty': 'intox_soldier_2'}}, {'name': 'CHECK_ALL_VITALS', 'params': {'casualty': 'intox_soldier_2'}}, {'name': 'CHECK_ALL_VITALS', 'params': {'casualty': 'intox_soldier_1'}}]","SITREP,intox_soldier_2,,,;CHECK_ALL_VITALS,intox_soldier_2,,,;CHECK_ALL_VITALS,intox_soldier_1,,,","SITREP,intox_soldier_2,,,;CHECK_ALL_VITALS,intox_soldier_2,,,",3,4796486542125446104,7225693283718079707,-2681093576988690656,"{'name': 'CHECK_ALL_VITALS', 'params': {'casualty': 'intox_soldier_1'}}",86,0.0,1.0,0.46511627906976744,0.25170998632010944,0.3999767441860465,0.0,0.0,-0.05166224442016548,0.001571810244309968,510,None,None,None,None,None,None,None,None
8,None,False,False,neutral,None,None,None,None,None,no intent,none,0,2,2,False,False,True,False,False,Nasopharyngeal airway,seconds,few,low,equal,1,1,1,1,1,0,0,0,0,0,0,0,0,0,0,0,0,0,0,0,0,0,0,0,0,0,0,0,0,0,1,1,1,1,1,1,0,0,0,0,0,0,0,0,0,0,0,0,0,0,1,0,0,0,0,False,False,False,False,False,0.0013682974218580347,0.0,0.0020133201584169942,0.00071824554291791,0.0,0.0,1855.0,23.0,35.0,43.0,0.09999999999999998,0.9999,53.0,1.0,1750.0,50.0,1750.0,50.0,1.0,1855.0,35.0,Damage Per Second 43.0,probability burn death: 10.0 % probability bleed out: 0.0 % probability asphixia: 0.0 % probability death: 9.999999999999998 %,0.09999999999999998,0.09999999999999998,-212427478792774013,"[{'name': 'SITREP', 'params': {'casualty': 'intox_soldier_2'}}, {'name': 'CHECK_ALL_VITALS', 'params': {'casualty': 'intox_soldier_2'}}, {'name': 'CHECK_ALL_VITALS', 'params': {'casualty': 'intox_soldier_1'}}, {'name': 'APPLY_TREATMENT', 'params': {'casualty': 'innocent_soldier', 'location': 'left face', 'treatment': 'Nasopharyngeal airway'}}]","SITREP,intox_soldier_2,,,;CHECK_ALL_VITALS,intox_soldier_2,,,;CHECK_ALL_VITALS,intox_soldier_1,,,;APPLY_TREATMENT,innocent_soldier,Nasopharyngeal airway,left face,","SITREP,intox_soldier_2,,,;CHECK_ALL_VITALS,intox_soldier_2,,,;CHECK_ALL_VITALS,intox_soldier_1,,,",4,549897964365967516,4796486542125446104,3440592805429228141,"{'name': 'APPLY_TREATMENT', 'params': {'casualty': 'innocent_soldier', 'location': 'left face', 'treatment': 'Nasopharyngeal airway'}}",76,1.0,1.0,1.0,0.0,1.0,1.0,0.0,0.5120481927710843,-0.2506096895133404,256,1.0,None,None,None,None,None,None,None
9,None,False,False,neutral,None,None,None,None,None,no intent,somewhat indirect,2,1,2,True,False,False,False,False,None,seconds,few,low,equal,0,0,0,0,0,0,0,0,0,0,0,0,0,0,0,0,0,0,0,0,0,0,0,0,0,0,0,0,0,1,0,0,0,0,0,0,0,0,0,0,0,0,0,0,0,0,0,0,0,0,0,0,0,0,0,False,False,False,True,True,0.003114414593219177,0.0,0.0028248566919229132,0.00129092835799731,0.0,0.0,3600.0,24.0,45.0,80.0,0.75,0.99999999,80.0,-0.0,0.0,0.0,3600.0,80.0,1.0,3600.0,45.0,Damage Per Second 80.0,probability burn death: 50.0 % probability bleed out: 0.0 % probability asphixia: 50.0 % probability death: 75.0 %,0.75,0.75,3155725103171135677,"[{'name': 'SITREP', 'params': {'casualty': 'intox_soldier_1'}}]","SITREP,intox_soldier_1,,,",,1,-4698756694680678627,0,5993139285967474464,"{'name': 'SITREP', 'params': {'casualty': 'intox_soldier_1'}}",286,0.0,1.0,0.5174825174825175,0.2505704821494295,0.3886703496503497,0.0,0.0,-0.057517482517482454,0.00607323352511735,1714,None,None,None,None,None,None,None,None
10,None,False,True,neutral,None,True,CONFUSED,RESTRICTED,None,no intent,somewhat indirect,2,1,2,False,True,False,False,False,None,seconds,few,low,equal,0,0,0,0,0,0,0,0,0,0,0,0,1,1,0,0,0,0,0,0,1,1,1,1,1,1,1,1,1,1,0,0,0,0,0,0,0,1,1,1,0,0,1,1,0,1,1,1,1,1,0,0,0,1,1,False,False,False,True,True,0.7140511180821206,0.5331340531799253,0.267971402246564,0.06813877751765535,0.0,0.0,3667.5,24.0,45.0,81.5,0.75,0.99999999,81.5,-0.0,67.5,1.5,3600.0,80.0,1.0,3667.5,45.0,Damage Per Second 81.5,probability burn death: 50.0 % probability bleed out: 0.0 % probability asphixia: 50.0 % probability death: 75.0 %,0.75,0.75,8954057713003391933,"[{'name': 'SITREP', 'params': {'casualty': 'intox_soldier_1'}}, {'name': 'CHECK_ALL_VITALS', 'params': {'casualty': 'intox_soldier_1'}}]","SITREP,intox_soldier_1,,,;CHECK_ALL_VITALS,intox_soldier_1,,,","SITREP,intox_soldier_1,,,",2,739203334520740704,-4698756694680678627,-4749262675382982820,"{'name': 'CHECK_ALL_VITALS', 'params': {'casualty': 'intox_soldier_1'}}",38,0.0,1.0,0.631578947368421,0.23897581792318634,0.4788473684210527,0.0,0.0,0.11409642988590352,-0.011594664226243168,248,None,None,None,None,None,None,None,None
11,None,False,False,neutral,None,None,None,None,None,no intent,somewhat indirect,1,2,2,True,False,False,False,False,None,seconds,few,low,equal,0,0,0,0,0,0,0,0,0,0,0,0,0,0,0,0,0,0,0,0,0,0,0,0,0,0,0,0,0,1,0,0,0,0,0,0,0,0,0,0,0,0,0,0,0,0,0,0,0,0,0,0,0,0,0,True,True,True,False,False,0.0031144145932191776,0.0,0.0028248566919229132,0.0012909283579973102,0.0,0.0,3667.5,24.0,45.0,81.5,0.75,0.99999999,81.5,-0.0,0.0,0.0,3600.0,80.0,1.0,3667.5,45.0,Damage Per Second 81.5,probability burn death: 50.0 % probability bleed out: 0.0 % probability asphixia: 50.0 % probability death: 75.0 %,0.75,0.75,3973675823033024836,"[{'name': 'SITREP', 'params': {'casualty': 'intox_soldier_1'}}, {'name': 'CHECK_ALL_VITALS', 'params': {'casualty': 'intox_soldier_1'}}, {'name': 'SITREP', 'params': {'casualty': 'intox_soldier_2'}}]","SITREP,intox_soldier_1,,,;CHECK_ALL_VITALS,intox_soldier_1,,,;SITREP,intox_soldier_2,,,","SITREP,intox_soldier_1,,,;CHECK_ALL_VITALS,intox_soldier_1,,,",3,-1600145630512847995,739203334520740704,-5754285980992879377,"{'name': 'SITREP', 'params': {'casualty': 'intox_soldier_2'}}",80,0.0,1.0,0.275,0.20189873417721518,0.2096325,0.0,0.0,-0.24248251748251748,-0.048232920507854576,492,None,None,None,None,None,None,None,None
12,None,False,True,neutral,None,True,CONFUSED,RESTRICTED,None,no intent,somewhat indirect,1,2,2,False,True,False,False,False,None,seconds,few,low,equal,0,0,0,0,0,0,0,0,0,0,0,0,1,1,0,0,0,0,0,0,1,1,1,1,1,1,1,1,1,1,0,0,0,0,0,0,0,1,1,1,0,0,1,1,0,1,1,1,1,1,0,0,0,1,1,True,True,True,False,False,0.7140511180821206,0.5331340531799253,0.267971402246564,0.06813877751765532,0.0,0.0,3735.0,24.0,45.0,83.0,0.75,0.99999999,83.0,-0.0,67.5,1.5,3600.0,80.0,1.0,3735.0,45.0,Damage Per Second 83.0,probability burn death: 50.0 % probability bleed out: 0.0 % probability asphixia: 50.0 % probability death: 75.0 %,0.75,0.75,-5725871642838029076,"[{'name': 'SITREP', 'params': {'casualty': 'intox_soldier_1'}}, {'name': 'CHECK_ALL_VITALS', 'params': {'casualty': 'intox_soldier_1'}}, {'name': 'SITREP', 'params': {'casualty': 'intox_soldier_2'}}, {'name': 'CHECK_ALL_VITALS', 'params': {'casualty': 'intox_soldier_2'}}]","SITREP,intox_soldier_1,,,;CHECK_ALL_VITALS,intox_soldier_1,,,;SITREP,intox_soldier_2,,,;CHECK_ALL_VITALS,intox_soldier_2,,,","SITREP,intox_soldier_1,,,;CHECK_ALL_VITALS,intox_soldier_1,,,;SITREP,intox_soldier_2,,,",4,4294217657992833935,-1600145630512847995,6397413380075875827,"{'name': 'CHECK_ALL_VITALS', 'params': {'casualty': 'intox_soldier_2'}}",24,0.0,1.0,0.4166666666666667,0.2536231884057971,0.31725000000000003,0.0,0.0,0.03294573643410853,0.015761091302573943,148,None,None,None,None,None,None,None,None
13,None,False,False,neutral,None,None,None,None,None,no intent,none,0,2,2,True,False,False,False,False,None,seconds,few,low,equal,0,0,0,0,0,0,0,0,0,0,0,0,0,0,0,0,0,0,0,0,0,0,0,0,0,0,0,0,0,1,0,0,0,0,0,0,0,0,0,0,0,0,0,0,0,0,0,0,0,0,0,0,0,0,0,False,False,False,False,False,0.001368297421858035,0.0,0.0020133201584169934,0.00071824554291791,0.0,0.0,3735.0,24.0,45.0,83.0,0.75,0.99999999,83.0,-0.0,3600.0,80.0,3600.0,80.0,1.0,3735.0,45.0,Damage Per Second 83.0,probability burn death: 50.0 % probability bleed out: 0.0 % probability asphixia: 50.0 % probability death: 75.0 %,0.75,0.75,-4019599385035397664,"[{'name': 'SITREP', 'params': {'casualty': 'intox_soldier_1'}}, {'name': 'CHECK_ALL_VITALS', 'params': {'casualty': 'intox_soldier_1'}}, {'name': 'SITREP', 'params': {'casualty': 'intox_soldier_2'}}, {'name': 'CHECK_ALL_VITALS', 'params': {'casualty': 'intox_soldier_2'}}, {'name': 'SITREP', 'params': {'casualty': 'innocent_soldier'}}]","SITREP,intox_soldier_1,,,;CHECK_ALL_VITALS,intox_soldier_1,,,;SITREP,intox_soldier_2,,,;CHECK_ALL_VITALS,intox_soldier_2,,,;SITREP,innocent_soldier,,,","SITREP,intox_soldier_1,,,;CHECK_ALL_VITALS,intox_soldier_1,,,;SITREP,intox_soldier_2,,,;CHECK_ALL_VITALS,intox_soldier_2,,,",5,-5253916040376864983,4294217657992833935,-4328509070776917669,"{'name': 'SITREP', 'params': {'casualty': 'innocent_soldier'}}",98,0.0,1.0,0.6326530612244898,0.2347990742688828,0.5429204081632654,0.0,0.0,0.19162742019884882,-0.012356683426720666,292,None,None,None,None,None,None,None,None
14,None,False,True,neutral,None,True,AGONY,RESTRICTED,None,no intent,none,0,2,2,False,False,True,False,False,Nasopharyngeal airway,seconds,few,low,equal,0,0,0,0,0,0,0,0,0,0,0,0,0,0,0,0,0,0,0,0,0,0,0,0,0,0,0,0,0,0,0,0,0,0,0,0,0,0,0,0,0,0,0,0,0,0,0,0,0,0,0,0,0,0,0,False,False,False,False,False,0.8485915480785144,1.0,0.31663291748335176,0.04505697121514931,0.0,0.0,1907.5,23.0,35.0,44.5,0.09999999999999998,0.9999,54.5,1.0,1802.5,51.5,1802.5,51.5,1.0,1907.5,35.0,Damage Per Second 44.5,probability burn death: 10.0 % probability bleed out: 0.0 % probability asphixia: 0.0 % probability death: 9.999999999999998 %,0.09999999999999998,0.09999999999999998,-159798786453108590,"[{'name': 'SITREP', 'params': {'casualty': 'intox_soldier_1'}}, {'name': 'CHECK_ALL_VITALS', 'params': {'casualty': 'intox_soldier_1'}}, {'name': 'SITREP', 'params': {'casualty': 'intox_soldier_2'}}, {'name': 'CHECK_ALL_VITALS', 'params': {'casualty': 'intox_soldier_2'}}, {'name': 'SITREP', 'params': {'casualty': 'innocent_soldier'}}, {'name': 'APPLY_TREATMENT', 'params': {'casualty': 'innocent_soldier', 'location': 'left face', 'treatment': 'Nasopharyngeal airway'}}]","SITREP,intox_soldier_1,,,;CHECK_ALL_VITALS,intox_soldier_1,,,;SITREP,intox_soldier_2,,,;CHECK_ALL_VITALS,intox_soldier_2,,,;SITREP,innocent_soldier,,,;APPLY_TREATMENT,innocent_soldier,Nasopharyngeal airway,left face,","SITREP,intox_soldier_1,,,;CHECK_ALL_VITALS,intox_soldier_1,,,;SITREP,intox_soldier_2,,,;CHECK_ALL_VITALS,intox_soldier_2,,,;SITREP,innocent_soldier,,,",6,1049719592326670928,-5253916040376864983,-4907664909168188448,"{'name': 'APPLY_TREATMENT', 'params': {'casualty': 'innocent_soldier', 'location': 'left face', 'treatment': 'Nasopharyngeal airway'}}",134,1.0,1.0,1.0,0.0,1.0,1.0,0.0,0.5038560411311054,-0.25030686213205494,644,1.0,None,None,None,None,None,None,None
15,None,False,False,neutral,None,None,None,None,None,no intent,none,2,0,2,False,True,False,False,False,None,seconds,few,low,equal,0,0,0,0,0,0,0,0,0,0,0,0,0,0,0,0,0,0,0,0,1,1,1,1,1,0,0,0,0,0,0,0,0,0,0,0,0,1,1,1,0,0,0,0,0,1,1,1,1,1,0,0,0,1,1,False,False,False,False,False,0.0013682974218580347,0.0,0.0020133201584169942,0.00071824554291791,0.0,0.0,3600.0,24.0,45.0,80.0,0.75,0.99999999,80.0,-0.0,3600.0,80.0,3600.0,80.0,1.0,3600.0,45.0,Damage Per Second 80.0,probability burn death: 50.0 % probability bleed out: 0.0 % probability asphixia: 50.0 % probability death: 75.0 %,0.75,0.75,-842265936260647220,"[{'name': 'CHECK_ALL_VITALS', 'params': {'casualty': 'innocent_soldier'}}]","CHECK_ALL_VITALS,innocent_soldier,,,",,1,3573449643793657917,0,3108825379086213774,"{'name': 'CHECK_ALL_VITALS', 'params': {'casualty': 'innocent_soldier'}}",162,0.0,1.0,0.7037037037037037,0.209799861973775,0.5679777777777778,0.0,0.0,0.12870370370370376,-0.03469738665053715,1838,None,None,None,None,None,None,None,None
16,None,None,None,None,None,None,None,None,None,None,None,2,1,3,True,False,False,False,False,None,seconds,few,low,equal,None,None,None,None,None,None,None,None,None,None,None,None,None,None,None,None,None,None,None,None,None,None,None,None,None,None,None,None,None,None,None,None,None,None,None,None,None,None,None,None,None,None,None,None,None,None,None,None,None,None,None,None,None,None,None,False,False,False,False,False,None,None,None,None,None,None,14670.0,24.0,45.0,81.5,0.99999999,0.99999999,326.0,-0.0,None,None,14670.0,326.0,1.0,14670.0,45.0,Damage Per Second 326.0,probability burn death: 99.99 % probability bleed out: 0.0 % probability asphixia: 99.99 % probability death: 99.99999899999999 %,0.99999999,0.99999999,-8900687968547349270,"[{'name': 'CHECK_ALL_VITALS', 'params': {'casualty': 'innocent_soldier'}}, {'name': 'SITREP', 'params': {}}]","CHECK_ALL_VITALS,innocent_soldier,,,;SITREP,,,,","CHECK_ALL_VITALS,innocent_soldier,,,",2,2897416424533006111,3573449643793657917,3348029108615542224,"{'name': 'SITREP', 'params': {}}",78,0.0,1.0,0.48717948717948717,0.25308025308025306,0.41123076923076923,0.0,0.0,-0.16784234688164817,0.0266175620919393,380,None,None,None,None,None,None,None,None
17,None,False,True,neutral,None,True,CONFUSED,RESTRICTED,None,no intent,somewhat indirect,0,2,2,False,True,False,False,False,None,seconds,few,low,equal,0,0,0,0,0,0,0,0,0,0,0,0,1,1,0,0,0,0,0,0,1,1,1,1,1,1,1,1,1,1,0,0,0,0,0,0,0,1,1,1,0,0,1,1,0,1,1,1,1,1,0,0,0,1,1,False,False,False,True,True,0.7140511180821206,0.5331340531799253,0.267971402246564,0.06813877751765533,0.0,0.0,3802.5,24.0,45.0,84.5,0.75,0.99999999,84.5,-0.0,67.5,1.5,3667.5,81.5,1.0,3802.5,45.0,Damage Per Second 84.5,probability burn death: 50.0 % probability bleed out: 0.0 % probability asphixia: 50.0 % probability death: 75.0 %,0.75,0.75,314409550447045558,"[{'name': 'CHECK_ALL_VITALS', 'params': {'casualty': 'innocent_soldier'}}, {'name': 'SITREP', 'params': {}}, {'name': 'CHECK_ALL_VITALS', 'params': {'casualty': 'intox_soldier_1'}}]","CHECK_ALL_VITALS,innocent_soldier,,,;SITREP,,,,;CHECK_ALL_VITALS,intox_soldier_1,,,","CHECK_ALL_VITALS,innocent_soldier,,,;SITREP,,,,",3,-758897364224565888,2897416424533006111,5149126999555287182,"{'name': 'CHECK_ALL_VITALS', 'params': {'casualty': 'intox_soldier_1'}}",174,0.0,1.0,0.5747126436781609,0.24583084180453127,0.5019310344827587,0.0,0.0,0.09150850931123583,-0.004210107415093617,600,None,None,None,None,None,None,None,None
18,None,False,True,neutral,None,True,CONFUSED,RESTRICTED,None,no intent,somewhat indirect,0,2,2,False,True,False,False,False,None,seconds,few,low,equal,0,0,0,0,0,0,0,0,0,0,0,0,1,1,0,0,0,0,0,0,1,1,1,1,1,1,1,1,1,1,0,0,0,0,0,0,0,1,1,1,0,0,1,1,0,1,1,1,1,1,0,0,0,1,1,True,True,True,False,False,0.7140511180821206,0.5331340531799253,0.26797140224656396,0.06813877751765532,0.0,0.0,3802.5,24.0,45.0,84.5,0.75,0.99999999,84.5,-0.0,67.5,1.5,3667.5,81.5,1.0,3802.5,45.0,Damage Per Second 84.5,probability burn death: 50.0 % probability bleed out: 0.0 % probability asphixia: 50.0 % probability death: 75.0 %,0.75,0.75,314409550447045558,"[{'name': 'CHECK_ALL_VITALS', 'params': {'casualty': 'innocent_soldier'}}, {'name': 'SITREP', 'params': {}}, {'name': 'CHECK_ALL_VITALS', 'params': {'casualty': 'intox_soldier_1'}}, {'name': 'CHECK_ALL_VITALS', 'params': {'casualty': 'intox_soldier_2'}}]","CHECK_ALL_VITALS,innocent_soldier,,,;SITREP,,,,;CHECK_ALL_VITALS,intox_soldier_1,,,;CHECK_ALL_VITALS,intox_soldier_2,,,","CHECK_ALL_VITALS,innocent_soldier,,,;SITREP,,,,;CHECK_ALL_VITALS,intox_soldier_1,,,",4,4542512698263553608,-758897364224565888,5149126999555287182,"{'name': 'CHECK_ALL_VITALS', 'params': {'casualty': 'intox_soldier_2'}}",186,0.0,1.0,0.4731182795698925,0.2506248183667539,0.4170967741935484,0.0,0.0,0.0030095839177186057,0.0011793880207024154,550,None,None,None,None,None,None,None,None
19,None,False,True,neutral,None,True,AGONY,RESTRICTED,FAST,no intent,none,0,2,2,False,False,True,False,False,Nasopharyngeal airway,seconds,few,low,equal,0,0,0,0,0,0,0,0,0,0,0,0,0,0,0,0,0,0,0,0,0,0,0,0,0,0,0,0,0,0,0,0,0,0,0,0,0,0,0,0,0,0,0,0,0,0,0,0,0,0,0,0,0,0,0,False,False,False,False,False,0.8405169638987244,1.0,0.31067619881918357,0.004756560826269838,0.0,0.0,2432.5,23.0,35.0,64.5,0.11799999999999998,0.9999499949999999,69.5,1.0,2327.5,66.5,2327.5,66.5,0.2,2957.5,35.0,Damage Per Second 84.5,probability burn death: 10.0 % probability bleed out: 0.0 % probability asphixia: 10.0 % probability death: 18.999999999999993 %,0.18999999999999995,0.18999999999999995,8068747574890652430,"[{'name': 'CHECK_ALL_VITALS', 'params': {'casualty': 'innocent_soldier'}}, {'name': 'SITREP', 'params': {}}, {'name': 'CHECK_ALL_VITALS', 'params': {'casualty': 'intox_soldier_1'}}, {'name': 'CHECK_ALL_VITALS', 'params': {'casualty': 'intox_soldier_2'}}, {'name': 'APPLY_TREATMENT', 'params': {'casualty': 'innocent_soldier', 'location': 'left face', 'treatment': 'Nasopharyngeal airway'}}]","CHECK_ALL_VITALS,innocent_soldier,,,;SITREP,,,,;CHECK_ALL_VITALS,intox_soldier_1,,,;CHECK_ALL_VITALS,intox_soldier_2,,,;APPLY_TREATMENT,innocent_soldier,Nasopharyngeal airway,left face,","CHECK_ALL_VITALS,innocent_soldier,,,;SITREP,,,,;CHECK_ALL_VITALS,intox_soldier_1,,,;CHECK_ALL_VITALS,intox_soldier_2,,,",5,5699689573697112339,4542512698263553608,6736256013763095512,"{'name': 'APPLY_TREATMENT', 'params': {'casualty': 'innocent_soldier', 'location': 'left face', 'treatment': 'Nasopharyngeal airway'}}",88,1.0,1.0,1.0,0.0,1.0,1.0,0.0,0.4017857142857143,-0.24143177450352338,136,1.0,35.0,1907.5,probability burn death: 10.0 % probability bleed out: 0.0 % probability asphixia: 0.0 % probability death: 9.999999999999998 %,0.8,Damage Per Second 44.5,0.09999999999999998,0.09999999999999998
20,None,False,False,neutral,None,None,None,None,None,no intent,somewhat indirect,2,1,2,False,True,False,False,False,None,seconds,few,low,equal,0,0,0,0,0,0,0,0,0,0,0,0,0,0,0,0,0,0,0,0,1,1,1,1,1,0,0,0,0,0,0,0,0,0,0,0,1,1,1,1,0,0,0,0,0,1,1,1,1,1,0,1,1,1,1,True,True,True,False,False,0.0031144145932191776,0.0,0.0028248566919229132,0.0012909283579973102,0.0,0.0,3600.0,24.0,45.0,80.0,0.75,0.99999999,80.0,-0.0,0.0,0.0,3600.0,80.0,1.0,3600.0,45.0,Damage Per Second 80.0,probability burn death: 50.0 % probability bleed out: 0.0 % probability asphixia: 50.0 % probability death: 75.0 %,0.75,0.75,-416745437906947196,"[{'name': 'CHECK_ALL_VITALS', 'params': {'casualty': 'intox_soldier_2'}}]","CHECK_ALL_VITALS,intox_soldier_2,,,",,1,-5810283774980028563,0,-1939127374776179966,"{'name': 'CHECK_ALL_VITALS', 'params': {'casualty': 'intox_soldier_2'}}",264,0.0,1.0,0.49242424242424243,0.2508929600184353,0.38961818181818186,0.0,0.0,-0.08257575757575752,0.006395711394123149,1736,None,None,None,None,None,None,None,None
21,None,None,None,None,None,None,None,None,None,None,None,3,1,3,True,False,False,False,False,None,seconds,few,low,equal,None,None,None,None,None,None,None,None,None,None,None,None,None,None,None,None,None,None,None,None,None,None,None,None,None,None,None,None,None,None,None,None,None,None,None,None,None,None,None,None,None,None,None,None,None,None,None,None,None,None,None,None,None,None,None,False,False,False,False,False,None,None,None,None,None,None,14400.0,24.0,45.0,80.0,0.99999999,0.99999999,320.0,-0.0,None,None,14400.0,320.0,1.0,14400.0,45.0,Damage Per Second 320.0,probability burn death: 99.99 % probability bleed out: 0.0 % probability asphixia: 99.99 % probability death: 99.99999899999999 %,0.99999999,0.99999999,5195155629357158483,"[{'name': 'SITREP', 'params': {}}]","SITREP,,,,",,1,-1307036121464903650,0,-5254530364608378075,"{'name': 'SITREP', 'params': {}}",284,0.0,1.0,0.4295774647887324,0.2459065346140447,0.3584091549295775,0.0,0.0,-0.14542253521126758,0.0014092859897325283,1716,None,None,None,None,None,None,None,None
22,None,False,False,neutral,None,None,None,None,None,no intent,none,2,0,2,True,False,False,False,False,None,seconds,few,low,equal,0,0,0,0,0,0,0,0,0,0,0,0,0,0,0,0,0,0,0,0,0,0,0,0,0,0,0,0,0,1,0,0,0,0,0,0,0,0,0,0,0,0,0,0,0,0,0,0,0,0,0,0,0,0,0,False,False,False,False,False,0.0013682974218580347,0.0,0.0020133201584169934,0.0007182455429179098,0.0,0.0,3600.0,24.0,45.0,80.0,0.75,0.99999999,80.0,-0.0,3600.0,80.0,3600.0,80.0,1.0,3600.0,45.0,Damage Per Second 80.0,probability burn death: 50.0 % probability bleed out: 0.0 % probability asphixia: 50.0 % probability death: 75.0 %,0.75,0.75,-3477826330559200807,"[{'name': 'SITREP', 'params': {'casualty': 'innocent_soldier'}}]","SITREP,innocent_soldier,,,",,1,-4166714751686489593,0,-8749220046107215074,"{'name': 'SITREP', 'params': {'casualty': 'innocent_soldier'}}",264,0.0,1.0,0.6136363636363636,0.23798824749395092,0.4775836363636364,0.0,0.0,0.03863636363636369,-0.006509001130361236,1736,None,None,None,None,None,None,None,None
23,None,False,False,neutral,None,None,None,None,None,no intent,somewhat indirect,1,2,2,True,False,False,False,False,None,seconds,few,low,equal,0,0,0,0,0,0,0,0,0,0,0,0,0,0,0,0,0,0,0,0,0,0,0,0,0,0,0,0,0,1,0,0,0,0,0,0,0,0,0,0,0,0,0,0,0,0,0,0,0,0,0,0,0,0,0,False,False,False,True,True,0.0031144145932191776,0.0,0.002824856691922913,0.0012909283579973102,0.0,0.0,3667.5,24.0,45.0,81.5,0.75,0.99999999,81.5,-0.0,0.0,0.0,3600.0,80.0,1.0,3667.5,45.0,Damage Per Second 81.5,probability burn death: 50.0 % probability bleed out: 0.0 % probability asphixia: 50.0 % probability death: 75.0 %,0.75,0.75,3973675823033024836,"[{'name': 'SITREP', 'params': {'casualty': 'intox_soldier_2'}}, {'name': 'SITREP', 'params': {'casualty': 'intox_soldier_1'}}]","SITREP,intox_soldier_2,,,;SITREP,intox_soldier_1,,,","SITREP,intox_soldier_2,,,",2,-7942738747050902308,4526749633580620431,-5754285980992879377,"{'name': 'SITREP', 'params': {'casualty': 'intox_soldier_1'}}",96,0.0,1.0,0.4791666666666667,0.25219298245614036,0.38250375000000003,0.0,0.0,-0.03761185682326623,0.00205480638034089,500,None,None,None,None,None,None,None,None
24,None,False,True,neutral,None,True,CONFUSED,RESTRICTED,None,no intent,somewhat indirect,1,2,2,False,False,True,False,False,Nasopharyngeal airway,seconds,few,low,equal,1,1,1,1,1,0,0,0,0,1,0,0,0,0,0,0,0,0,0,0,0,0,0,0,0,0,0,0,0,0,1,1,1,1,1,1,0,0,0,0,0,0,0,0,0,0,0,0,0,0,1,0,0,0,0,True,True,True,False,False,0.7140511180821205,0.5331340531799253,0.26797140224656407,0.06813877751765532,0.0,0.0,2905.0,23.0,35.0,83.0,0.18999999999999995,0.99999999,83.0,1.0,52.5,1.5,2800.0,80.0,1.0,2905.0,35.0,Damage Per Second 83.0,probability burn death: 10.0 % probability bleed out: 0.0 % probability asphixia: 10.0 % probability death: 18.999999999999993 %,0.18999999999999995,0.18999999999999995,-2102072771887925364,"[{'name': 'SITREP', 'params': {'casualty': 'intox_soldier_2'}}, {'name': 'SITREP', 'params': {'casualty': 'intox_soldier_1'}}, {'name': 'APPLY_TREATMENT', 'params': {'casualty': 'intox_soldier_2', 'location': 'left face', 'treatment': 'Nasopharyngeal airway'}}]","SITREP,intox_soldier_2,,,;SITREP,intox_soldier_1,,,;APPLY_TREATMENT,intox_soldier_2,Nasopharyngeal airway,left face,","SITREP,intox_soldier_2,,,;SITREP,intox_soldier_1,,,",3,-8291534051579459946,-7942738747050902308,-1054565924774501846,"{'name': 'APPLY_TREATMENT', 'params': {'casualty': 'intox_soldier_2', 'location': 'left face', 'treatment': 'Nasopharyngeal airway'}}",32,0.0,0.0,0.0,0.0,0.0,0.0,-1.0,-0.34615384615384615,-0.22779156327543423,124,0.0,None,None,None,None,None,None,None
25,None,False,False,neutral,None,None,None,None,None,no intent,none,1,1,2,True,False,False,False,False,None,seconds,few,low,equal,0,0,0,0,0,0,0,0,0,0,0,0,0,0,0,0,0,0,0,0,0,0,0,0,0,0,0,0,0,1,0,0,0,0,0,0,0,0,0,0,0,0,0,0,0,0,0,0,0,0,0,0,0,0,0,False,False,False,False,False,0.001368297421858035,0.0,0.002013320158416994,0.0007182455429179098,0.0,0.0,3667.5,24.0,45.0,81.5,0.75,0.99999999,81.5,-0.0,3600.0,80.0,3600.0,80.0,1.0,3667.5,45.0,Damage Per Second 81.5,probability burn death: 50.0 % probability bleed out: 0.0 % probability asphixia: 50.0 % probability death: 75.0 %,0.75,0.75,-5639232062911297079,"[{'name': 'SITREP', 'params': {'casualty': 'intox_soldier_2'}}, {'name': 'SITREP', 'params': {'casualty': 'innocent_soldier'}}]","SITREP,intox_soldier_2,,,;SITREP,innocent_soldier,,,","SITREP,intox_soldier_2,,,",2,3183357811233808384,4526749633580620431,-3636019256490602251,"{'name': 'SITREP', 'params': {'casualty': 'innocent_soldier'}}",180,0.0,1.0,0.6,0.24134078212290502,0.49687000000000003,0.0,0.0,0.08672566371681412,-0.008704288697070378,950,None,None,None,None,None,None,None,None
26,None,False,False,neutral,None,None,None,None,None,no intent,somewhat indirect,0,2,2,False,True,False,False,False,None,seconds,few,low,equal,0,0,0,0,0,0,0,0,0,0,0,0,0,0,0,0,0,0,0,0,1,1,1,1,1,0,0,0,0,0,0,0,0,0,0,0,1,1,1,1,0,0,0,0,0,1,1,1,1,1,0,1,1,1,1,False,False,False,True,True,0.0031144145932191767,0.0,0.0028248566919229132,0.0012909283579973106,0.0,0.0,3735.0,24.0,45.0,83.0,0.75,0.99999999,83.0,-0.0,0.0,0.0,3667.5,81.5,1.0,3735.0,45.0,Damage Per Second 83.0,probability burn death: 50.0 % probability bleed out: 0.0 % probability asphixia: 50.0 % probability death: 75.0 %,0.75,0.75,-7764720954389133677,"[{'name': 'SITREP', 'params': {'casualty': 'intox_soldier_2'}}, {'name': 'SITREP', 'params': {'casualty': 'innocent_soldier'}}, {'name': 'CHECK_ALL_VITALS', 'params': {'casualty': 'intox_soldier_1'}}]","SITREP,intox_soldier_2,,,;SITREP,innocent_soldier,,,;CHECK_ALL_VITALS,intox_soldier_1,,,","SITREP,intox_soldier_2,,,;SITREP,innocent_soldier,,,",3,-8643078502397046885,3183357811233808384,-7122805182075671476,"{'name': 'CHECK_ALL_VITALS', 'params': {'casualty': 'intox_soldier_1'}}",68,0.0,1.0,0.3235294117647059,0.2221246707638279,0.28852941176470587,0.0,0.0,-0.18929110105580688,-0.0285142937015031,244,None,None,None,None,None,None,None,None
27,None,False,True,neutral,None,True,AGONY,RESTRICTED,None,no intent,none,0,2,2,False,True,False,False,False,None,seconds,few,low,equal,0,0,0,0,0,0,0,0,0,0,0,0,1,1,0,0,0,0,0,0,1,0,1,1,1,1,0,1,1,1,0,0,0,0,0,0,0,1,1,1,0,0,1,1,0,1,0,1,1,1,0,0,0,1,1,False,False,False,False,False,0.8485915480785144,1.0,0.3166329174833518,0.045056971215149316,0.0,0.0,3802.5,24.0,45.0,84.5,0.75,0.99999999,84.5,-0.0,3667.5,81.5,3667.5,81.5,1.0,3802.5,45.0,Damage Per Second 84.5,probability burn death: 50.0 % probability bleed out: 0.0 % probability asphixia: 50.0 % probability death: 75.0 %,0.75,0.75,5289717677670327232,"[{'name': 'SITREP', 'params': {'casualty': 'intox_soldier_2'}}, {'name': 'SITREP', 'params': {'casualty': 'innocent_soldier'}}, {'name': 'CHECK_ALL_VITALS', 'params': {'casualty': 'intox_soldier_1'}}, {'name': 'CHECK_ALL_VITALS', 'params': {'casualty': 'intox_soldier_2'}}, {'name': 'CHECK_ALL_VITALS', 'params': {'casualty': 'innocent_soldier'}}]","SITREP,intox_soldier_2,,,;SITREP,innocent_soldier,,,;CHECK_ALL_VITALS,intox_soldier_1,,,;CHECK_ALL_VITALS,intox_soldier_2,,,;CHECK_ALL_VITALS,innocent_soldier,,,","SITREP,intox_soldier_2,,,;SITREP,innocent_soldier,,,;CHECK_ALL_VITALS,intox_soldier_1,,,;CHECK_ALL_VITALS,intox_soldier_2,,,",5,6543652809860485569,521351018773052771,-2687572434376880993,"{'name': 'CHECK_ALL_VITALS', 'params': {'casualty': 'innocent_soldier'}}",148,0.0,1.0,0.47297297297297297,0.25096525096525096,0.4124189189189189,0.0,0.0,0.0019584802193498008,0.0015041290473707392,680,None,None,None,None,None,None,None,None
28,None,False,True,neutral,None,True,CONFUSED,RESTRICTED,FAST,no intent,somewhat indirect,0,2,2,False,False,True,False,False,Nasopharyngeal airway,seconds,few,low,equal,0,0,0,0,0,0,0,0,0,0,0,0,0,0,0,0,0,0,0,0,0,0,0,0,0,0,0,0,0,0,0,0,0,0,0,0,0,0,0,0,0,0,0,0,0,0,0,0,0,0,0,0,0,0,0,True,True,True,False,False,0.6982196275323526,0.5272642199003905,0.25513884884936733,0.007317683529373684,0.0,0.0,2957.5,23.0,35.0,84.5,0.18999999999999995,0.99999999,84.5,1.0,52.5,1.5,2852.5,81.5,1.0,2957.5,35.0,Damage Per Second 84.5,probability burn death: 10.0 % probability bleed out: 0.0 % probability asphixia: 10.0 % probability death: 18.999999999999993 %,0.18999999999999995,0.18999999999999995,-7424174456481362240,"[{'name': 'SITREP', 'params': {'casualty': 'intox_soldier_2'}}, {'name': 'SITREP', 'params': {'casualty': 'innocent_soldier'}}, {'name': 'CHECK_ALL_VITALS', 'params': {'casualty': 'intox_soldier_1'}}, {'name': 'CHECK_ALL_VITALS', 'params': {'casualty': 'intox_soldier_2'}}, {'name': 'CHECK_ALL_VITALS', 'params': {'casualty': 'innocent_soldier'}}, {'name': 'APPLY_TREATMENT', 'params': {'casualty': 'intox_soldier_2', 'location': 'left face', 'treatment': 'Nasopharyngeal airway'}}]","SITREP,intox_soldier_2,,,;SITREP,innocent_soldier,,,;CHECK_ALL_VITALS,intox_soldier_1,,,;CHECK_ALL_VITALS,intox_soldier_2,,,;CHECK_ALL_VITALS,innocent_soldier,,,;APPLY_TREATMENT,intox_soldier_2,Nasopharyngeal airway,left face,","SITREP,intox_soldier_2,,,;SITREP,innocent_soldier,,,;CHECK_ALL_VITALS,intox_soldier_1,,,;CHECK_ALL_VITALS,intox_soldier_2,,,;CHECK_ALL_VITALS,innocent_soldier,,,",6,4991758540354761758,6543652809860485569,-1736430361001620759,"{'name': 'APPLY_TREATMENT', 'params': {'casualty': 'intox_soldier_2', 'location': 'left face', 'treatment': 'Nasopharyngeal airway'}}",150,0.0,0.0,0.0,0.0,0.0,0.0,-1.0,-0.3891625615763547,-0.2383020130146567,256,0.0,None,None,None,None,None,None,None
29,None,False,True,neutral,None,True,CONFUSED,RESTRICTED,None,no intent,somewhat indirect,2,1,2,False,False,True,False,False,Nasopharyngeal airway,seconds,few,low,equal,1,1,1,1,1,0,0,0,0,1,0,0,0,0,0,0,0,0,0,0,0,0,0,0,0,0,0,0,0,0,1,1,1,1,1,1,0,0,0,0,0,0,0,0,0,0,0,0,0,0,1,0,0,0,0,False,False,False,True,True,0.7140511180821205,0.5331340531799253,0.267971402246564,0.06813877751765532,0.0,0.0,2852.5,23.0,35.0,81.5,0.18999999999999995,0.99999999,81.5,1.0,52.5,1.5,2800.0,80.0,1.0,2852.5,35.0,Damage Per Second 81.5,probability burn death: 10.0 % probability bleed out: 0.0 % probability asphixia: 10.0 % probability death: 18.999999999999993 %,0.18999999999999995,0.18999999999999995,4443587387511357884,"[{'name': 'SITREP', 'params': {'casualty': 'intox_soldier_1'}}, {'name': 'APPLY_TREATMENT', 'params': {'casualty': 'intox_soldier_1', 'location': 'left face', 'treatment': 'Nasopharyngeal airway'}}]","SITREP,intox_soldier_1,,,;APPLY_TREATMENT,intox_soldier_1,Nasopharyngeal airway,left face,","SITREP,intox_soldier_1,,,",2,-8212837044700166765,-4698756694680678627,4076283154965392990,"{'name': 'APPLY_TREATMENT', 'params': {'casualty': 'intox_soldier_1', 'location': 'left face', 'treatment': 'Nasopharyngeal airway'}}",36,0.0,0.0,0.0,0.0,0.0,0.0,-1.0,-0.5174825174825175,-0.2505704821494295,250,0.0,None,None,None,None,None,None,None
30,None,False,False,neutral,None,None,None,None,None,no intent,none,1,1,2,False,True,False,False,False,None,seconds,few,low,equal,0,0,0,0,0,0,0,0,0,0,0,0,0,0,0,0,0,0,0,0,1,1,1,1,1,0,0,0,0,0,0,0,0,0,0,0,0,1,1,1,0,0,0,0,0,1,1,1,1,1,0,0,0,1,1,False,False,False,False,False,0.0013682974218580347,0.0,0.0020133201584169942,0.0007182455429179098,0.0,0.0,3667.5,24.0,45.0,81.5,0.75,0.99999999,81.5,-0.0,3600.0,80.0,3600.0,80.0,1.0,3667.5,45.0,Damage Per Second 81.5,probability burn death: 50.0 % probability bleed out: 0.0 % probability asphixia: 50.0 % probability death: 75.0 %,0.75,0.75,2354574422950047094,"[{'name': 'CHECK_ALL_VITALS', 'params': {'casualty': 'intox_soldier_1'}}, {'name': 'CHECK_ALL_VITALS', 'params': {'casualty': 'innocent_soldier'}}]","CHECK_ALL_VITALS,intox_soldier_1,,,;CHECK_ALL_VITALS,innocent_soldier,,,","CHECK_ALL_VITALS,intox_soldier_1,,,",2,4889511139602038515,8952592966218486510,-8553295732571616143,"{'name': 'CHECK_ALL_VITALS', 'params': {'casualty': 'innocent_soldier'}}",120,0.0,1.0,0.5833333333333334,0.24509803921568626,0.49695,0.0,0.0,0.06669585522475197,-0.004844018554635343,1022,None,None,None,None,None,None,None,None
31,None,False,False,neutral,None,None,None,None,None,no intent,somewhat indirect,0,2,2,False,True,False,False,False,None,seconds,few,low,equal,0,0,0,0,0,0,0,0,0,0,0,0,0,0,0,0,0,0,0,0,1,1,1,1,1,0,0,0,0,0,0,0,0,0,0,0,1,1,1,1,0,0,0,0,0,1,1,1,1,1,0,1,1,1,1,True,True,True,False,False,0.0031144145932191785,0.0,0.002824856691922914,0.00129092835799731,0.0,0.0,3735.0,24.0,45.0,83.0,0.75,0.99999999,83.0,-0.0,0.0,0.0,3667.5,81.5,1.0,3735.0,45.0,Damage Per Second 83.0,probability burn death: 50.0 % probability bleed out: 0.0 % probability asphixia: 50.0 % probability death: 75.0 %,0.75,0.75,-7764720954389133677,"[{'name': 'CHECK_ALL_VITALS', 'params': {'casualty': 'intox_soldier_1'}}, {'name': 'CHECK_ALL_VITALS', 'params': {'casualty': 'innocent_soldier'}}, {'name': 'CHECK_ALL_VITALS', 'params': {'casualty': 'intox_soldier_2'}}]","CHECK_ALL_VITALS,intox_soldier_1,,,;CHECK_ALL_VITALS,innocent_soldier,,,;CHECK_ALL_VITALS,intox_soldier_2,,,","CHECK_ALL_VITALS,intox_soldier_1,,,;CHECK_ALL_VITALS,innocent_soldier,,,",3,-8435805853168131080,4889511139602038515,-7122805182075671476,"{'name': 'CHECK_ALL_VITALS', 'params': {'casualty': 'intox_soldier_2'}}",72,0.0,1.0,0.5,0.2535211267605634,0.44025000000000003,0.0,0.0,-0.14233576642335766,0.02293905676243499,202,None,None,None,None,None,None,None,None
32,None,False,True,neutral,None,True,AGONY,RESTRICTED,FAST,no intent,none,0,2,2,False,False,True,False,False,Pain Medications,seconds,few,low,equal,0,0,0,0,1,0,0,0,0,0,0,1,0,0,0,0,0,0,0,0,0,1,0,0,0,0,1,0,0,0,0,0,0,0,1,0,1,0,0,1,0,1,0,0,0,0,1,0,0,0,0,1,0,0,1,False,False,False,False,False,0.8405169638987244,1.0,0.31067619881918357,0.004756560826269837,0.0,0.0,1690.0,23.0,20.0,84.5,0.18999999999999995,0.99999999,84.5,1.0,1630.0,81.5,1630.0,81.5,1.0,1690.0,20.0,Damage Per Second 84.5,probability burn death: 10.0 % probability bleed out: 0.0 % probability asphixia: 10.0 % probability death: 18.999999999999993 %,0.18999999999999995,0.18999999999999995,8068747574890652430,"[{'name': 'CHECK_ALL_VITALS', 'params': {'casualty': 'intox_soldier_1'}}, {'name': 'CHECK_ALL_VITALS', 'params': {'casualty': 'innocent_soldier'}}, {'name': 'CHECK_ALL_VITALS', 'params': {'casualty': 'intox_soldier_2'}}, {'name': 'APPLY_TREATMENT', 'params': {'casualty': 'innocent_soldier', 'location': 'unspecified', 'treatment': 'Pain Medications'}}]","CHECK_ALL_VITALS,intox_soldier_1,,,;CHECK_ALL_VITALS,innocent_soldier,,,;CHECK_ALL_VITALS,intox_soldier_2,,,;APPLY_TREATMENT,innocent_soldier,Pain Medications,unspecified,","CHECK_ALL_VITALS,intox_soldier_1,,,;CHECK_ALL_VITALS,innocent_soldier,,,;CHECK_ALL_VITALS,intox_soldier_2,,,",4,1228145851957707798,-8435805853168131080,6736256013763095512,"{'name': 'APPLY_TREATMENT', 'params': {'casualty': 'innocent_soldier', 'location': 'unspecified', 'treatment': 'Pain Medications'}}",92,1.0,1.0,1.0,0.0,1.0,1.0,0.0,0.3980582524271845,-0.2407766990291262,114,1.0,None,None,None,None,None,None,None
33,None,False,True,neutral,None,True,CONFUSED,RESTRICTED,None,no intent,somewhat indirect,0,2,2,False,False,True,False,False,Nasopharyngeal airway,seconds,few,low,equal,0,0,0,0,0,0,0,0,0,0,0,0,0,0,0,0,0,0,0,0,0,0,0,0,0,0,0,0,0,0,0,0,0,0,0,0,0,0,0,0,0,0,0,0,0,0,0,0,0,0,0,0,0,0,0,False,False,False,True,True,0.7140511180821205,0.5331340531799253,0.267971402246564,0.06813877751765532,0.0,0.0,2957.5,23.0,35.0,84.5,0.18999999999999995,0.99999999,84.5,1.0,52.5,1.5,2852.5,81.5,1.0,2957.5,35.0,Damage Per Second 84.5,probability burn death: 10.0 % probability bleed out: 0.0 % probability asphixia: 10.0 % probability death: 18.999999999999993 %,0.18999999999999995,0.18999999999999995,3942811908859111424,"[{'name': 'SITREP', 'params': {}}, {'name': 'CHECK_ALL_VITALS', 'params': {'casualty': 'intox_soldier_2'}}, {'name': 'APPLY_TREATMENT', 'params': {'casualty': 'intox_soldier_1', 'location': 'left face', 'treatment': 'Nasopharyngeal airway'}}]","SITREP,,,,;CHECK_ALL_VITALS,intox_soldier_2,,,;APPLY_TREATMENT,intox_soldier_1,Nasopharyngeal airway,left face,","SITREP,,,,;CHECK_ALL_VITALS,intox_soldier_2,,,",3,-5584724928849762371,-7025431927852012531,-7717122507062917820,"{'name': 'APPLY_TREATMENT', 'params': {'casualty': 'intox_soldier_1', 'location': 'left face', 'treatment': 'Nasopharyngeal airway'}}",132,0.0,0.0,0.0,0.0,0.0,0.0,-1.0,-0.4329608938547486,-0.245849122944095,584,0.0,None,None,None,None,None,None,None
34,None,False,False,neutral,None,None,None,None,None,no intent,somewhat indirect,1,1,2,True,False,False,False,False,None,seconds,few,low,equal,0,0,0,0,0,0,0,0,0,0,0,0,0,0,0,0,0,0,0,0,0,0,0,0,0,0,0,0,0,1,0,0,0,0,0,0,0,0,0,0,0,0,0,0,0,0,0,0,0,0,0,0,0,0,0,True,True,True,False,False,0.003114414593219178,0.0,0.0028248566919229124,0.00129092835799731,0.0,0.0,3667.5,24.0,45.0,81.5,0.75,0.99999999,81.5,-0.0,0.0,0.0,3667.5,81.5,1.0,3667.5,45.0,Damage Per Second 81.5,probability burn death: 50.0 % probability bleed out: 0.0 % probability asphixia: 50.0 % probability death: 75.0 %,0.75,0.75,-5639232062911297079,"[{'name': 'SITREP', 'params': {'casualty': 'innocent_soldier'}}, {'name': 'SITREP', 'params': {'casualty': 'intox_soldier_2'}}]","SITREP,innocent_soldier,,,;SITREP,intox_soldier_2,,,","SITREP,innocent_soldier,,,",2,-6506027896077164846,-4166714751686489593,-5465032677147014171,"{'name': 'SITREP', 'params': {'casualty': 'intox_soldier_2'}}",72,0.0,1.0,0.5277777777777778,0.25273865414710484,0.433975,0.0,0.0,-0.12724405628335755,0.026275963158791077,386,None,None,None,None,None,None,None,None
35,None,False,False,neutral,None,None,None,None,None,no intent,somewhat indirect,0,2,2,True,False,False,False,False,None,seconds,few,low,equal,0,0,0,0,0,0,0,0,0,0,0,0,0,0,0,0,0,0,0,0,0,0,0,0,0,0,0,0,0,1,0,0,0,0,0,0,0,0,0,0,0,0,0,0,0,0,0,0,0,0,0,0,0,0,0,False,False,False,True,True,0.0031144145932191776,0.0,0.002824856691922913,0.00129092835799731,0.0,0.0,3735.0,24.0,45.0,83.0,0.75,0.99999999,83.0,-0.0,0.0,0.0,3667.5,81.5,1.0,3735.0,45.0,Damage Per Second 83.0,probability burn death: 50.0 % probability bleed out: 0.0 % probability asphixia: 50.0 % probability death: 75.0 %,0.75,0.75,-4019599385035397664,"[{'name': 'SITREP', 'params': {'casualty': 'innocent_soldier'}}, {'name': 'SITREP', 'params': {'casualty': 'intox_soldier_2'}}, {'name': 'SITREP', 'params': {'casualty': 'intox_soldier_1'}}]","SITREP,innocent_soldier,,,;SITREP,intox_soldier_2,,,;SITREP,intox_soldier_1,,,","SITREP,innocent_soldier,,,;SITREP,intox_soldier_2,,,",3,1389392282563276724,-6506027896077164846,-6157522491433329589,"{'name': 'SITREP', 'params': {'casualty': 'intox_soldier_1'}}",90,0.0,1.0,0.4666666666666667,0.251685393258427,0.404,0.0,0.0,-0.05507246376811592,0.001380639093453373,232,None,None,None,None,None,None,None,None
36,None,False,True,neutral,None,True,CONFUSED,RESTRICTED,None,no intent,somewhat indirect,0,2,2,False,False,True,False,False,Nasopharyngeal airway,seconds,few,low,equal,0,0,0,0,0,0,0,0,0,0,0,0,0,0,0,0,0,0,0,0,0,0,0,0,0,0,0,0,0,0,0,0,0,0,0,0,0,0,0,0,0,0,0,0,0,0,0,0,0,0,0,0,0,0,0,True,True,True,False,False,0.7140511180821205,0.5331340531799253,0.26797140224656396,0.06813877751765535,0.0,0.0,2957.5,23.0,35.0,84.5,0.18999999999999995,0.99999999,84.5,1.0,52.5,1.5,2852.5,81.5,1.0,2957.5,35.0,Damage Per Second 84.5,probability burn death: 10.0 % probability bleed out: 0.0 % probability asphixia: 10.0 % probability death: 18.999999999999993 %,0.18999999999999995,0.18999999999999995,3942811908859111424,"[{'name': 'SITREP', 'params': {}}, {'name': 'APPLY_TREATMENT', 'params': {'casualty': 'intox_soldier_2', 'location': 'left face', 'treatment': 'Nasopharyngeal airway'}}]","SITREP,,,,;APPLY_TREATMENT,intox_soldier_2,Nasopharyngeal airway,left face,","SITREP,,,,",2,7296651664314763474,-1307036121464903650,-7717122507062917820,"{'name': 'APPLY_TREATMENT', 'params': {'casualty': 'intox_soldier_2', 'location': 'left face', 'treatment': 'Nasopharyngeal airway'}}",148,0.0,0.0,0.0,0.0,0.0,0.0,-1.0,-0.46685082872928174,-0.24924539403803977,576,0.0,None,None,None,None,None,None,None
37,None,False,True,neutral,None,True,CONFUSED,RESTRICTED,None,no intent,somewhat indirect,1,1,2,False,False,True,False,False,Nasopharyngeal airway,seconds,few,low,equal,0,0,0,0,0,0,0,0,0,0,0,0,0,0,0,0,0,0,0,0,0,0,0,0,0,0,0,0,0,0,0,0,0,0,0,0,0,0,0,0,0,0,0,0,0,0,0,0,0,0,0,0,0,0,0,True,True,True,False,False,0.7140511180821205,0.5331340531799253,0.267971402246564,0.06813877751765535,0.0,0.0,2905.0,23.0,35.0,83.0,0.18999999999999995,0.99999999,83.0,1.0,52.5,1.5,2852.5,81.5,1.0,2905.0,35.0,Damage Per Second 83.0,probability burn death: 10.0 % probability bleed out: 0.0 % probability asphixia: 10.0 % probability death: 18.999999999999993 %,0.18999999999999995,0.18999999999999995,5776841655527206782,"[{'name': 'SITREP', 'params': {'casualty': 'intox_soldier_2'}}, {'name': 'SITREP', 'params': {'casualty': 'innocent_soldier'}}, {'name': 'APPLY_TREATMENT', 'params': {'casualty': 'intox_soldier_2', 'location': 'left face', 'treatment': 'Nasopharyngeal airway'}}]","SITREP,intox_soldier_2,,,;SITREP,innocent_soldier,,,;APPLY_TREATMENT,intox_soldier_2,Nasopharyngeal airway,left face,","SITREP,intox_soldier_2,,,;SITREP,innocent_soldier,,,",3,-8800184522470538867,3183357811233808384,4244522462588657121,"{'name': 'APPLY_TREATMENT', 'params': {'casualty': 'intox_soldier_2', 'location': 'left face', 'treatment': 'Nasopharyngeal airway'}}",10,0.0,0.0,0.0,0.0,0.0,0.0,-1.0,-0.5333333333333333,-0.25098039215686274,110,0.0,None,None,None,None,None,None,None
38,None,False,False,neutral,None,None,None,None,None,no intent,somewhat indirect,1,2,2,False,True,False,False,False,None,seconds,few,low,equal,0,0,0,0,0,0,0,0,0,0,0,0,0,0,0,0,0,0,0,0,1,1,1,1,1,0,0,0,0,0,0,0,0,0,0,0,1,1,1,1,0,0,0,0,0,1,1,1,1,1,0,1,1,1,1,True,True,True,False,False,0.003114414593219177,0.0,0.0028248566919229124,0.0012909283579973104,0.0,0.0,3667.5,24.0,45.0,81.5,0.75,0.99999999,81.5,-0.0,0.0,0.0,3600.0,80.0,1.0,3667.5,45.0,Damage Per Second 81.5,probability burn death: 50.0 % probability bleed out: 0.0 % probability asphixia: 50.0 % probability death: 75.0 %,0.75,0.75,5893872367118972485,"[{'name': 'CHECK_ALL_VITALS', 'params': {'casualty': 'intox_soldier_1'}}, {'name': 'CHECK_ALL_VITALS', 'params': {'casualty': 'intox_soldier_2'}}]","CHECK_ALL_VITALS,intox_soldier_1,,,;CHECK_ALL_VITALS,intox_soldier_2,,,","CHECK_ALL_VITALS,intox_soldier_1,,,",2,7060041224343263972,8952592966218486510,-2681093576988690656,"{'name': 'CHECK_ALL_VITALS', 'params': {'casualty': 'intox_soldier_2'}}",102,0.0,1.0,0.5490196078431373,0.25004853426519125,0.4676470588235294,0.0,0.0,0.0315370903606198,-8.312041987851293e-05,470,None,None,None,None,None,None,None,None
39,None,False,True,neutral,None,True,CONFUSED,RESTRICTED,FAST,no intent,somewhat indirect,1,2,2,False,False,True,False,False,Nasopharyngeal airway,seconds,few,low,equal,1,1,1,1,1,0,0,0,0,0,0,0,0,0,0,0,0,0,0,0,0,0,0,0,0,0,0,0,0,0,1,1,1,1,1,1,1,1,1,1,0,0,0,0,0,0,0,0,0,0,1,1,1,1,1,True,True,True,False,False,0.6982196275323524,0.5272642199003906,0.25513884884936733,0.007317683529373684,0.0,0.0,2905.0,23.0,35.0,83.0,0.18999999999999995,0.99999999,83.0,1.0,52.5,1.5,2800.0,80.0,1.0,2905.0,35.0,Damage Per Second 83.0,probability burn death: 10.0 % probability bleed out: 0.0 % probability asphixia: 10.0 % probability death: 18.999999999999993 %,0.18999999999999995,0.18999999999999995,8971927952208508359,"[{'name': 'CHECK_ALL_VITALS', 'params': {'casualty': 'intox_soldier_1'}}, {'name': 'CHECK_ALL_VITALS', 'params': {'casualty': 'intox_soldier_2'}}, {'name': 'APPLY_TREATMENT', 'params': {'casualty': 'intox_soldier_2', 'location': 'left face', 'treatment': 'Nasopharyngeal airway'}}]","CHECK_ALL_VITALS,intox_soldier_1,,,;CHECK_ALL_VITALS,intox_soldier_2,,,;APPLY_TREATMENT,intox_soldier_2,Nasopharyngeal airway,left face,","CHECK_ALL_VITALS,intox_soldier_1,,,;CHECK_ALL_VITALS,intox_soldier_2,,,",3,5661927685238472713,7060041224343263972,4600435906227960379,"{'name': 'APPLY_TREATMENT', 'params': {'casualty': 'intox_soldier_2', 'location': 'left face', 'treatment': 'Nasopharyngeal airway'}}",34,0.0,0.0,0.0,0.0,0.0,0.0,-1.0,-0.47,-0.25035175879396987,166,0.0,None,None,None,None,None,None,None
40,None,False,True,neutral,None,True,AGONY,RESTRICTED,None,no intent,none,2,0,2,False,False,True,False,False,Nasopharyngeal airway,seconds,few,low,equal,0,0,0,0,0,0,0,0,0,0,0,0,0,0,0,0,0,0,0,0,0,0,0,0,0,0,0,0,0,0,0,0,0,0,0,0,0,0,0,0,0,0,0,0,0,0,0,0,0,0,0,0,0,0,0,False,False,False,False,False,0.8485915480785144,1.0,0.31663291748335176,0.045056971215149316,0.0,0.0,1802.5,23.0,35.0,41.5,0.09999999999999998,0.9999,51.5,1.0,1802.5,51.5,1802.5,51.5,1.0,1802.5,35.0,Damage Per Second 41.5,probability burn death: 10.0 % probability bleed out: 0.0 % probability asphixia: 0.0 % probability death: 9.999999999999998 %,0.09999999999999998,0.09999999999999998,6169441604540273033,"[{'name': 'SITREP', 'params': {'casualty': 'innocent_soldier'}}, {'name': 'APPLY_TREATMENT', 'params': {'casualty': 'innocent_soldier', 'location': 'left face', 'treatment': 'Nasopharyngeal airway'}}]","SITREP,innocent_soldier,,,;APPLY_TREATMENT,innocent_soldier,Nasopharyngeal airway,left face,","SITREP,innocent_soldier,,,",2,-4976533555939446277,-4166714751686489593,-326395727230765995,"{'name': 'APPLY_TREATMENT', 'params': {'casualty': 'innocent_soldier', 'location': 'left face', 'treatment': 'Nasopharyngeal airway'}}",24,1.0,1.0,1.0,0.0,1.0,1.0,0.0,0.38636363636363635,-0.23798824749395092,240,1.0,None,None,None,None,None,None,None
41,None,False,True,neutral,None,True,AGONY,RESTRICTED,None,no intent,none,1,1,2,False,True,False,False,False,None,seconds,few,low,equal,0,0,0,0,0,0,0,0,0,0,0,0,1,1,0,0,0,0,0,0,1,0,1,1,1,1,0,1,1,1,0,0,0,0,0,0,0,1,1,1,0,0,1,1,0,1,0,1,1,1,0,0,0,1,1,False,False,False,False,False,0.8485915480785144,1.0,0.31663291748335176,0.04505697121514931,0.0,0.0,3735.0,24.0,45.0,83.0,0.75,0.99999999,83.0,-0.0,3667.5,81.5,3667.5,81.5,1.0,3735.0,45.0,Damage Per Second 83.0,probability burn death: 50.0 % probability bleed out: 0.0 % probability asphixia: 50.0 % probability death: 75.0 %,0.75,0.75,-7481669464747707443,"[{'name': 'SITREP', 'params': {'casualty': 'intox_soldier_1'}}, {'name': 'SITREP', 'params': {'casualty': 'innocent_soldier'}}, {'name': 'CHECK_ALL_VITALS', 'params': {'casualty': 'innocent_soldier'}}]","SITREP,intox_soldier_1,,,;SITREP,innocent_soldier,,,;CHECK_ALL_VITALS,innocent_soldier,,,","SITREP,intox_soldier_1,,,;SITREP,innocent_soldier,,,",3,2702314031338720880,-2808096901966450042,-2926183662554778373,"{'name': 'CHECK_ALL_VITALS', 'params': {'casualty': 'innocent_soldier'}}",44,0.0,1.0,0.6818181818181818,0.2219873150105708,0.5817272727272728,0.0,0.0,0.10443722943722944,-0.022753267789713483,292,None,None,None,None,None,None,None,None
42,None,False,True,neutral,None,True,CONFUSED,RESTRICTED,FAST,no intent,somewhat indirect,2,1,2,False,False,True,False,False,Nasopharyngeal airway,seconds,few,low,equal,1,1,1,1,1,0,0,0,0,0,0,0,0,0,0,0,0,0,0,0,0,0,0,0,0,0,0,0,0,0,1,1,1,1,1,1,1,1,1,1,0,0,0,0,0,0,0,0,0,0,1,1,1,1,1,False,False,False,True,True,0.6982196275323524,0.5272642199003905,0.2551388488493674,0.007317683529373684,0.0,0.0,2852.5,23.0,35.0,81.5,0.18999999999999995,0.99999999,81.5,1.0,52.5,1.5,2800.0,80.0,1.0,2852.5,35.0,Damage Per Second 81.5,probability burn death: 10.0 % probability bleed out: 0.0 % probability asphixia: 10.0 % probability death: 18.999999999999993 %,0.18999999999999995,0.18999999999999995,7961309768745100164,"[{'name': 'SITREP', 'params': {'casualty': 'intox_soldier_1'}}, {'name': 'CHECK_ALL_VITALS', 'params': {'casualty': 'intox_soldier_1'}}, {'name': 'APPLY_TREATMENT', 'params': {'casualty': 'intox_soldier_1', 'location': 'left face', 'treatment': 'Nasopharyngeal airway'}}]","SITREP,intox_soldier_1,,,;CHECK_ALL_VITALS,intox_soldier_1,,,;APPLY_TREATMENT,intox_soldier_1,Nasopharyngeal airway,left face,","SITREP,intox_soldier_1,,,;CHECK_ALL_VITALS,intox_soldier_1,,,",3,7836388248551816890,739203334520740704,-8715459087741696401,"{'name': 'APPLY_TREATMENT', 'params': {'casualty': 'intox_soldier_1', 'location': 'left face', 'treatment': 'Nasopharyngeal airway'}}",34,0.0,0.0,0.0,0.0,0.0,0.0,-1.0,-0.5174825174825175,-0.2505704821494295,252,0.0,None,None,None,None,None,None,None
43,None,False,True,neutral,None,True,CONFUSED,RESTRICTED,None,no intent,somewhat indirect,1,1,2,False,True,False,False,False,None,seconds,few,low,equal,0,0,0,0,0,0,0,0,0,0,0,0,1,1,0,0,0,0,0,0,1,1,1,1,1,1,1,1,1,1,0,0,0,0,0,0,0,1,1,1,0,0,1,1,0,1,1,1,1,1,0,0,0,1,1,True,True,True,False,False,0.7140511180821205,0.5331340531799253,0.267971402246564,0.06813877751765533,0.0,0.0,3735.0,24.0,45.0,83.0,0.75,0.99999999,83.0,-0.0,67.5,1.5,3667.5,81.5,1.0,3735.0,45.0,Damage Per Second 83.0,probability burn death: 50.0 % probability bleed out: 0.0 % probability asphixia: 50.0 % probability death: 75.0 %,0.75,0.75,-7854624455391872009,"[{'name': 'SITREP', 'params': {'casualty': 'intox_soldier_2'}}, {'name': 'SITREP', 'params': {'casualty': 'innocent_soldier'}}, {'name': 'CHECK_ALL_VITALS', 'params': {'casualty': 'intox_soldier_2'}}]","SITREP,intox_soldier_2,,,;SITREP,innocent_soldier,,,;CHECK_ALL_VITALS,intox_soldier_2,,,","SITREP,intox_soldier_2,,,;SITREP,innocent_soldier,,,",3,8897590720236845697,3183357811233808384,-9140432265784913518,"{'name': 'CHECK_ALL_VITALS', 'params': {'casualty': 'intox_soldier_2'}}",36,0.0,1.0,0.3888888888888889,0.24444444444444444,0.321,0.0,0.0,-0.16666666666666669,-0.004195804195804204,108,None,None,None,None,None,None,None,None
44,None,False,True,neutral,None,True,AGONY,RESTRICTED,FAST,no intent,none,1,1,2,False,False,True,False,False,Nasopharyngeal airway,seconds,few,low,equal,0,0,0,0,0,0,0,0,0,0,0,0,0,0,0,0,0,0,0,0,0,0,0,0,0,0,0,0,0,0,0,0,0,0,0,0,0,0,0,0,0,0,0,0,0,0,0,0,0,0,0,0,0,0,0,False,False,False,False,False,0.8405169638987244,1.0,0.3106761988191836,0.004756560826269837,0.0,0.0,2380.0,23.0,35.0,63.0,0.12999999999999995,0.9999499949999999,68.0,1.0,2327.5,66.5,2327.5,66.5,0.6666666666666666,1855.0,35.0,Damage Per Second 43.0,probability burn death: 10.0 % probability bleed out: 0.0 % probability asphixia: 0.0 % probability death: 9.999999999999998 %,0.09999999999999998,0.09999999999999998,772722988137148459,"[{'name': 'SITREP', 'params': {'casualty': 'intox_soldier_2'}}, {'name': 'SITREP', 'params': {'casualty': 'innocent_soldier'}}, {'name': 'CHECK_ALL_VITALS', 'params': {'casualty': 'intox_soldier_2'}}, {'name': 'CHECK_ALL_VITALS', 'params': {'casualty': 'innocent_soldier'}}, {'name': 'APPLY_TREATMENT', 'params': {'casualty': 'innocent_soldier', 'location': 'left face', 'treatment': 'Nasopharyngeal airway'}}]","SITREP,intox_soldier_2,,,;SITREP,innocent_soldier,,,;CHECK_ALL_VITALS,intox_soldier_2,,,;CHECK_ALL_VITALS,innocent_soldier,,,;APPLY_TREATMENT,innocent_soldier,Nasopharyngeal airway,left face,","SITREP,intox_soldier_2,,,;SITREP,innocent_soldier,,,;CHECK_ALL_VITALS,intox_soldier_2,,,;CHECK_ALL_VITALS,innocent_soldier,,,",5,6206097839151832471,6248829594498894561,4031759649079754521,"{'name': 'APPLY_TREATMENT', 'params': {'casualty': 'innocent_soldier', 'location': 'left face', 'treatment': 'Nasopharyngeal airway'}}",54,1.0,1.0,1.0,0.0,1.0,1.0,0.0,0.3495145631067961,-0.22846317783566186,152,1.0,35.0,2905.0,probability burn death: 10.0 % probability bleed out: 0.0 % probability asphixia: 10.0 % probability death: 18.999999999999993 %,0.3333333333333333,Damage Per Second 83.0,0.18999999999999995,0.18999999999999995
45,None,False,False,neutral,None,None,None,None,None,no intent,somewhat indirect,1,1,2,False,True,False,False,False,None,seconds,few,low,equal,0,0,0,0,0,0,0,0,0,0,0,0,0,0,0,0,0,0,0,0,1,1,1,1,1,0,0,0,0,0,0,0,0,0,0,0,1,1,1,1,0,0,0,0,0,1,1,1,1,1,0,1,1,1,1,False,False,False,True,True,0.0031144145932191776,0.0,0.0028248566919229124,0.0012909283579973104,0.0,0.0,3667.5,24.0,45.0,81.5,0.75,0.99999999,81.5,-0.0,0.0,0.0,3667.5,81.5,1.0,3667.5,45.0,Damage Per Second 81.5,probability burn death: 50.0 % probability bleed out: 0.0 % probability asphixia: 50.0 % probability death: 75.0 %,0.75,0.75,2354574422950047094,"[{'name': 'CHECK_ALL_VITALS', 'params': {'casualty': 'innocent_soldier'}}, {'name': 'CHECK_ALL_VITALS', 'params': {'casualty': 'intox_soldier_1'}}]","CHECK_ALL_VITALS,innocent_soldier,,,;CHECK_ALL_VITALS,intox_soldier_1,,,","CHECK_ALL_VITALS,innocent_soldier,,,",2,-4498484302061149582,3573449643793657917,-7734637247577539366,"{'name': 'CHECK_ALL_VITALS', 'params': {'casualty': 'intox_soldier_1'}}",58,0.0,1.0,0.6896551724137931,0.2177858439201452,0.5728655172413794,0.0,0.0,0.034633338352657805,-0.00867684706816857,400,None,None,None,None,None,None,None,None
46,None,False,False,neutral,None,None,None,None,None,no intent,none,1,1,2,False,False,True,False,False,Nasopharyngeal airway,seconds,few,low,equal,1,1,1,1,1,0,0,0,0,0,0,0,0,0,0,0,0,0,0,0,0,0,0,0,0,0,0,0,0,0,1,1,1,1,1,1,0,0,0,0,0,0,0,0,0,0,0,0,0,0,1,0,0,0,0,False,False,False,False,False,0.0013682974218580351,0.0,0.0020133201584169947,0.00071824554291791,0.0,0.0,2327.5,23.0,35.0,61.5,0.11285714285714282,0.9999499949999999,66.5,1.0,2275.0,65.0,2275.0,65.0,0.8571428571428571,1802.5,35.0,Damage Per Second 41.5,probability burn death: 10.0 % probability bleed out: 0.0 % probability asphixia: 0.0 % probability death: 9.999999999999998 %,0.09999999999999998,0.09999999999999998,5140156954276704168,"[{'name': 'SITREP', 'params': {'casualty': 'intox_soldier_1'}}, {'name': 'CHECK_ALL_VITALS', 'params': {'casualty': 'intox_soldier_1'}}, {'name': 'APPLY_TREATMENT', 'params': {'casualty': 'innocent_soldier', 'location': 'left face', 'treatment': 'Nasopharyngeal airway'}}]","SITREP,intox_soldier_1,,,;CHECK_ALL_VITALS,intox_soldier_1,,,;APPLY_TREATMENT,innocent_soldier,Nasopharyngeal airway,left face,","SITREP,intox_soldier_1,,,;CHECK_ALL_VITALS,intox_soldier_1,,,",3,4239596084064891558,739203334520740704,8903510241187644792,"{'name': 'APPLY_TREATMENT', 'params': {'casualty': 'innocent_soldier', 'location': 'left face', 'treatment': 'Nasopharyngeal airway'}}",120,1.0,1.0,1.0,0.0,1.0,1.0,0.0,0.48287671232876717,-0.24992076627812798,1048,1.0,35.0,2852.5,probability burn death: 10.0 % probability bleed out: 0.0 % probability asphixia: 10.0 % probability death: 18.999999999999993 %,0.14285714285714285,Damage Per Second 81.5,0.18999999999999995,0.18999999999999995
47,None,False,True,neutral,None,True,AGONY,RESTRICTED,None,no intent,none,2,0,2,False,True,False,False,False,None,seconds,few,low,equal,0,0,0,0,0,0,0,0,0,0,0,0,1,1,0,0,0,0,0,0,1,0,1,1,1,1,0,1,1,1,0,0,0,0,0,0,0,1,1,1,0,0,1,1,0,1,0,1,1,1,0,0,0,1,1,False,False,False,False,False,0.8485915480785142,1.0,0.31663291748335176,0.04505697121514932,0.0,0.0,3667.5,24.0,45.0,81.5,0.75,0.99999999,81.5,-0.0,3667.5,81.5,3667.5,81.5,1.0,3667.5,45.0,Damage Per Second 81.5,probability burn death: 50.0 % probability bleed out: 0.0 % probability asphixia: 50.0 % probability death: 75.0 %,0.75,0.75,6652569046424627289,"[{'name': 'SITREP', 'params': {'casualty': 'innocent_soldier'}}, {'name': 'CHECK_ALL_VITALS', 'params': {'casualty': 'innocent_soldier'}}]","SITREP,innocent_soldier,,,;CHECK_ALL_VITALS,innocent_soldier,,,","SITREP,innocent_soldier,,,",2,-8077619107207142021,-4166714751686489593,-4002735773690933937,"{'name': 'CHECK_ALL_VITALS', 'params': {'casualty': 'innocent_soldier'}}",32,0.0,1.0,0.75,0.1935483870967742,0.6118875,0.0,0.0,0.13636363636363635,-0.044439860397176734,232,None,None,None,None,None,None,None,None
48,None,False,True,neutral,None,True,AGONY,RESTRICTED,None,no intent,none,1,1,2,False,False,True,False,False,Pain Medications,seconds,few,low,equal,0,0,0,0,1,0,0,0,0,1,0,1,0,0,0,0,0,0,0,0,0,0,0,0,0,0,0,0,0,0,0,0,0,0,1,0,1,0,0,0,0,1,0,0,0,0,0,0,0,0,0,1,0,0,0,False,False,False,False,False,0.8485915480785142,1.0,0.3166329174833518,0.04505697121514932,0.0,0.0,1660.0,23.0,20.0,83.0,0.18999999999999995,0.99999999,83.0,1.0,1630.0,81.5,1630.0,81.5,1.0,1660.0,20.0,Damage Per Second 83.0,probability burn death: 10.0 % probability bleed out: 0.0 % probability asphixia: 10.0 % probability death: 18.999999999999993 %,0.18999999999999995,0.18999999999999995,-591425005165046701,"[{'name': 'CHECK_ALL_VITALS', 'params': {'casualty': 'intox_soldier_2'}}, {'name': 'SITREP', 'params': {'casualty': 'innocent_soldier'}}, {'name': 'APPLY_TREATMENT', 'params': {'casualty': 'innocent_soldier', 'location': 'unspecified', 'treatment': 'Pain Medications'}}]","CHECK_ALL_VITALS,intox_soldier_2,,,;SITREP,innocent_soldier,,,;APPLY_TREATMENT,innocent_soldier,Pain Medications,unspecified,","CHECK_ALL_VITALS,intox_soldier_2,,,;SITREP,innocent_soldier,,,",3,5043625437154951005,-4195556036448260202,66275509081809534,"{'name': 'APPLY_TREATMENT', 'params': {'casualty': 'innocent_soldier', 'location': 'unspecified', 'treatment': 'Pain Medications'}}",40,1.0,1.0,1.0,0.0,1.0,1.0,0.0,0.4171779141104295,-0.2438886267107126,286,1.0,None,None,None,None,None,None,None
49,None,False,True,neutral,None,True,CONFUSED,RESTRICTED,None,no intent,somewhat indirect,2,1,2,False,False,True,False,False,Nasopharyngeal airway,seconds,few,low,equal,1,1,1,1,1,0,0,0,0,1,0,0,0,0,0,0,0,0,0,0,0,0,0,0,0,0,0,0,0,0,1,1,1,1,1,1,0,0,0,0,0,0,0,0,0,0,0,0,0,0,1,0,0,0,0,True,True,True,False,False,0.7140511180821205,0.5331340531799253,0.267971402246564,0.06813877751765533,0.0,0.0,2852.5,23.0,35.0,81.5,0.18999999999999995,0.99999999,81.5,1.0,52.5,1.5,2800.0,80.0,1.0,2852.5,35.0,Damage Per Second 81.5,probability burn death: 10.0 % probability bleed out: 0.0 % probability asphixia: 10.0 % probability death: 18.999999999999993 %,0.18999999999999995,0.18999999999999995,4443587387511357884,"[{'name': 'SITREP', 'params': {'casualty': 'intox_soldier_2'}}, {'name': 'APPLY_TREATMENT', 'params': {'casualty': 'intox_soldier_2', 'location': 'left face', 'treatment': 'Nasopharyngeal airway'}}]","SITREP,intox_soldier_2,,,;APPLY_TREATMENT,intox_soldier_2,Nasopharyngeal airway,left face,","SITREP,intox_soldier_2,,,",2,-1002122061164111827,4526749633580620431,4076283154965392990,"{'name': 'APPLY_TREATMENT', 'params': {'casualty': 'intox_soldier_2', 'location': 'left face', 'treatment': 'Nasopharyngeal airway'}}",26,0.0,0.0,0.0,0.0,0.0,0.0,-1.0,-0.5359477124183006,-0.2495231972570449,280,0.0,None,None,None,None,None,None,None
50,None,False,True,neutral,None,True,CONFUSED,RESTRICTED,FAST,no intent,somewhat indirect,0,2,2,False,False,True,False,False,Nasopharyngeal airway,seconds,few,low,equal,0,0,0,0,0,0,0,0,0,0,0,0,0,0,0,0,0,0,0,0,0,0,0,0,0,0,0,0,0,0,0,0,0,0,0,0,0,0,0,0,0,0,0,0,0,0,0,0,0,0,0,0,0,0,0,False,False,False,True,True,0.6982196275323524,0.5272642199003905,0.25513884884936733,0.007317683529373684,0.0,0.0,2957.5,23.0,35.0,84.5,0.18999999999999995,0.99999999,84.5,1.0,52.5,1.5,2852.5,81.5,1.0,2957.5,35.0,Damage Per Second 84.5,probability burn death: 10.0 % probability bleed out: 0.0 % probability asphixia: 10.0 % probability death: 18.999999999999993 %,0.18999999999999995,0.18999999999999995,-7424174456481362240,"[{'name': 'CHECK_ALL_VITALS', 'params': {'casualty': 'innocent_soldier'}}, {'name': 'SITREP', 'params': {'casualty': 'intox_soldier_2'}}, {'name': 'CHECK_ALL_VITALS', 'params': {'casualty': 'intox_soldier_2'}}, {'name': 'CHECK_ALL_VITALS', 'params': {'casualty': 'intox_soldier_1'}}, {'name': 'APPLY_TREATMENT', 'params': {'casualty': 'intox_soldier_1', 'location': 'left face', 'treatment': 'Nasopharyngeal airway'}}]","CHECK_ALL_VITALS,innocent_soldier,,,;SITREP,intox_soldier_2,,,;CHECK_ALL_VITALS,intox_soldier_2,,,;CHECK_ALL_VITALS,intox_soldier_1,,,;APPLY_TREATMENT,intox_soldier_1,Nasopharyngeal airway,left face,","CHECK_ALL_VITALS,innocent_soldier,,,;SITREP,intox_soldier_2,,,;CHECK_ALL_VITALS,intox_soldier_2,,,;CHECK_ALL_VITALS,intox_soldier_1,,,",5,4461047398524730197,477938013161791107,-1736430361001620759,"{'name': 'APPLY_TREATMENT', 'params': {'casualty': 'intox_soldier_1', 'location': 'left face', 'treatment': 'Nasopharyngeal airway'}}",92,0.0,0.0,0.0,0.0,0.0,0.0,-1.0,-0.43506493506493504,-0.24658403485765049,216,0.0,None,None,None,None,None,None,None
51,None,False,True,neutral,None,True,CONFUSED,RESTRICTED,FAST,no intent,somewhat indirect,1,2,2,False,False,True,False,False,Nasopharyngeal airway,seconds,few,low,equal,1,1,1,1,1,0,0,0,0,0,0,0,0,0,0,0,0,0,0,0,0,0,0,0,0,0,0,0,0,0,1,1,1,1,1,1,1,1,1,1,0,0,0,0,0,0,0,0,0,0,1,1,1,1,1,False,False,False,True,True,0.6982196275323524,0.5272642199003905,0.2551388488493674,0.007317683529373684,0.0,0.0,2905.0,23.0,35.0,83.0,0.18999999999999995,0.99999999,83.0,1.0,52.5,1.5,2800.0,80.0,1.0,2905.0,35.0,Damage Per Second 83.0,probability burn death: 10.0 % probability bleed out: 0.0 % probability asphixia: 10.0 % probability death: 18.999999999999993 %,0.18999999999999995,0.18999999999999995,8971927952208508359,"[{'name': 'CHECK_ALL_VITALS', 'params': {'casualty': 'intox_soldier_1'}}, {'name': 'SITREP', 'params': {'casualty': 'intox_soldier_2'}}, {'name': 'APPLY_TREATMENT', 'params': {'casualty': 'intox_soldier_1', 'location': 'left face', 'treatment': 'Nasopharyngeal airway'}}]","CHECK_ALL_VITALS,intox_soldier_1,,,;SITREP,intox_soldier_2,,,;APPLY_TREATMENT,intox_soldier_1,Nasopharyngeal airway,left face,","CHECK_ALL_VITALS,intox_soldier_1,,,;SITREP,intox_soldier_2,,,",3,1352530380386568377,-7132568129674269494,4600435906227960379,"{'name': 'APPLY_TREATMENT', 'params': {'casualty': 'intox_soldier_1', 'location': 'left face', 'treatment': 'Nasopharyngeal airway'}}",42,0.0,0.0,0.0,0.0,0.0,0.0,-1.0,-0.391304347826087,-0.23948681397006416,142,0.0,None,None,None,None,None,None,None
52,None,False,True,neutral,None,True,CONFUSED,RESTRICTED,FAST,no intent,somewhat indirect,1,1,2,False,False,True,False,False,Nasopharyngeal airway,seconds,few,low,equal,0,0,0,0,0,0,0,0,0,0,0,0,0,0,0,0,0,0,0,0,0,0,0,0,0,0,0,0,0,0,0,0,0,0,0,0,0,0,0,0,0,0,0,0,0,0,0,0,0,0,0,0,0,0,0,True,True,True,False,False,0.6982196275323526,0.5272642199003905,0.2551388488493674,0.007317683529373684,0.0,0.0,2905.0,23.0,35.0,83.0,0.18999999999999995,0.99999999,83.0,1.0,52.5,1.5,2852.5,81.5,1.0,2905.0,35.0,Damage Per Second 83.0,probability burn death: 10.0 % probability bleed out: 0.0 % probability asphixia: 10.0 % probability death: 18.999999999999993 %,0.18999999999999995,0.18999999999999995,8252293892126493874,"[{'name': 'SITREP', 'params': {'casualty': 'intox_soldier_2'}}, {'name': 'CHECK_ALL_VITALS', 'params': {'casualty': 'intox_soldier_2'}}, {'name': 'SITREP', 'params': {'casualty': 'innocent_soldier'}}, {'name': 'APPLY_TREATMENT', 'params': {'casualty': 'intox_soldier_2', 'location': 'left face', 'treatment': 'Nasopharyngeal airway'}}]","SITREP,intox_soldier_2,,,;CHECK_ALL_VITALS,intox_soldier_2,,,;SITREP,innocent_soldier,,,;APPLY_TREATMENT,intox_soldier_2,Nasopharyngeal airway,left face,","SITREP,intox_soldier_2,,,;CHECK_ALL_VITALS,intox_soldier_2,,,;SITREP,innocent_soldier,,,",4,7137994945359353670,-5390800013365664602,6170511909069592840,"{'name': 'APPLY_TREATMENT', 'params': {'casualty': 'intox_soldier_2', 'location': 'left face', 'treatment': 'Nasopharyngeal airway'}}",34,0.0,0.0,0.0,0.0,0.0,0.0,-1.0,-0.4943820224719101,-0.2513806893924967,144,0.0,None,None,None,None,None,None,None
53,None,False,False,neutral,None,None,None,None,None,no intent,somewhat indirect,1,1,2,False,True,False,False,False,None,seconds,few,low,equal,0,0,0,0,0,0,0,0,0,0,0,0,0,0,0,0,0,0,0,0,1,1,1,1,1,0,0,0,0,0,0,0,0,0,0,0,1,1,1,1,0,0,0,0,0,1,1,1,1,1,0,1,1,1,1,True,True,True,False,False,0.0031144145932191776,0.0,0.0028248566919229137,0.0012909283579973102,0.0,0.0,3667.5,24.0,45.0,81.5,0.75,0.99999999,81.5,-0.0,0.0,0.0,3667.5,81.5,1.0,3667.5,45.0,Damage Per Second 81.5,probability burn death: 50.0 % probability bleed out: 0.0 % probability asphixia: 50.0 % probability death: 75.0 %,0.75,0.75,2354574422950047094,"[{'name': 'CHECK_ALL_VITALS', 'params': {'casualty': 'innocent_soldier'}}, {'name': 'CHECK_ALL_VITALS', 'params': {'casualty': 'intox_soldier_2'}}]","CHECK_ALL_VITALS,innocent_soldier,,,;CHECK_ALL_VITALS,intox_soldier_2,,,","CHECK_ALL_VITALS,innocent_soldier,,,",2,-8175267881882565345,3573449643793657917,-7734637247577539366,"{'name': 'CHECK_ALL_VITALS', 'params': {'casualty': 'intox_soldier_2'}}",60,0.0,1.0,0.4666666666666667,0.25310734463276835,0.39330000000000004,0.0,0.0,-0.18122065727699532,0.02444123029971118,366,None,None,None,None,None,None,None,None
54,None,False,False,neutral,None,None,None,None,None,no intent,none,0,2,2,False,True,False,False,False,None,seconds,few,low,equal,0,0,0,0,0,0,0,0,0,0,0,0,0,0,0,0,0,0,0,0,1,1,1,1,1,0,0,0,0,0,0,0,0,0,0,0,0,1,1,1,0,0,0,0,0,1,1,1,1,1,0,0,0,1,1,False,False,False,False,False,0.0013682974218580345,0.0,0.0020133201584169942,0.00071824554291791,0.0,0.0,3735.0,24.0,45.0,83.0,0.75,0.99999999,83.0,-0.0,3600.0,80.0,3600.0,80.0,1.0,3735.0,45.0,Damage Per Second 83.0,probability burn death: 50.0 % probability bleed out: 0.0 % probability asphixia: 50.0 % probability death: 75.0 %,0.75,0.75,-7764720954389133677,"[{'name': 'SITREP', 'params': {'casualty': 'intox_soldier_2'}}, {'name': 'SITREP', 'params': {'casualty': 'intox_soldier_1'}}, {'name': 'CHECK_ALL_VITALS', 'params': {'casualty': 'innocent_soldier'}}]","SITREP,intox_soldier_2,,,;SITREP,intox_soldier_1,,,;CHECK_ALL_VITALS,innocent_soldier,,,","SITREP,intox_soldier_2,,,;SITREP,intox_soldier_1,,,",3,7224352319568955198,-7942738747050902308,-7941463667069748253,"{'name': 'CHECK_ALL_VITALS', 'params': {'casualty': 'innocent_soldier'}}",54,0.0,1.0,0.48148148148148145,0.2543675751222921,0.4266666666666667,0.0,0.0,0.05044699872286079,0.008417063346479708,294,None,None,None,None,None,None,None,None
55,None,False,True,neutral,None,True,CONFUSED,RESTRICTED,FAST,no intent,somewhat indirect,2,1,2,False,False,True,False,False,Nasopharyngeal airway,seconds,few,low,equal,1,1,1,1,1,0,0,0,0,0,0,0,0,0,0,0,0,0,0,0,0,0,0,0,0,0,0,0,0,0,1,1,1,1,1,1,1,1,1,1,0,0,0,0,0,0,0,0,0,0,1,1,1,1,1,True,True,True,False,False,0.6982196275323524,0.5272642199003905,0.25513884884936733,0.007317683529373684,0.0,0.0,2852.5,23.0,35.0,81.5,0.18999999999999995,0.99999999,81.5,1.0,52.5,1.5,2800.0,80.0,1.0,2852.5,35.0,Damage Per Second 81.5,probability burn death: 10.0 % probability bleed out: 0.0 % probability asphixia: 10.0 % probability death: 18.999999999999993 %,0.18999999999999995,0.18999999999999995,7961309768745100164,"[{'name': 'CHECK_ALL_VITALS', 'params': {'casualty': 'intox_soldier_2'}}, {'name': 'APPLY_TREATMENT', 'params': {'casualty': 'intox_soldier_2', 'location': 'left face', 'treatment': 'Nasopharyngeal airway'}}]","CHECK_ALL_VITALS,intox_soldier_2,,,;APPLY_TREATMENT,intox_soldier_2,Nasopharyngeal airway,left face,","CHECK_ALL_VITALS,intox_soldier_2,,,",2,-2359376738041364512,-5810283774980028563,-8715459087741696401,"{'name': 'APPLY_TREATMENT', 'params': {'casualty': 'intox_soldier_2', 'location': 'left face', 'treatment': 'Nasopharyngeal airway'}}",26,0.0,0.0,0.0,0.0,0.0,0.0,-1.0,-0.496551724137931,-0.2508531201527264,264,0.0,None,None,None,None,None,None,None
56,None,False,True,neutral,None,True,CONFUSED,RESTRICTED,None,no intent,somewhat indirect,1,1,2,False,False,True,False,False,Nasopharyngeal airway,seconds,few,low,equal,0,0,0,0,0,0,0,0,0,0,0,0,0,0,0,0,0,0,0,0,0,0,0,0,0,0,0,0,0,0,0,0,0,0,0,0,0,0,0,0,0,0,0,0,0,0,0,0,0,0,0,0,0,0,0,False,False,False,True,True,0.7140511180821205,0.5331340531799253,0.267971402246564,0.06813877751765533,0.0,0.0,2905.0,23.0,35.0,83.0,0.18999999999999995,0.99999999,83.0,1.0,52.5,1.5,2852.5,81.5,1.0,2905.0,35.0,Damage Per Second 83.0,probability burn death: 10.0 % probability bleed out: 0.0 % probability asphixia: 10.0 % probability death: 18.999999999999993 %,0.18999999999999995,0.18999999999999995,5776841655527206782,"[{'name': 'SITREP', 'params': {'casualty': 'intox_soldier_1'}}, {'name': 'SITREP', 'params': {'casualty': 'innocent_soldier'}}, {'name': 'APPLY_TREATMENT', 'params': {'casualty': 'intox_soldier_1', 'location': 'left face', 'treatment': 'Nasopharyngeal airway'}}]","SITREP,intox_soldier_1,,,;SITREP,innocent_soldier,,,;APPLY_TREATMENT,intox_soldier_1,Nasopharyngeal airway,left face,","SITREP,intox_soldier_1,,,;SITREP,innocent_soldier,,,",3,-7048740667448372897,-2808096901966450042,4244522462588657121,"{'name': 'APPLY_TREATMENT', 'params': {'casualty': 'intox_soldier_1', 'location': 'left face', 'treatment': 'Nasopharyngeal airway'}}",12,0.0,0.0,0.0,0.0,0.0,0.0,-1.0,-0.6756756756756757,-0.22213994816734542,62,0.0,None,None,None,None,None,None,None
57,None,False,False,neutral,None,None,None,None,None,no intent,somewhat indirect,0,2,2,True,False,False,False,False,None,seconds,few,low,equal,0,0,0,0,0,0,0,0,0,0,0,0,0,0,0,0,0,0,0,0,0,0,0,0,0,0,0,0,0,1,0,0,0,0,0,0,0,0,0,0,0,0,0,0,0,0,0,0,0,0,0,0,0,0,0,True,True,True,False,False,0.0031144145932191776,0.0,0.002824856691922913,0.00129092835799731,0.0,0.0,3735.0,24.0,45.0,83.0,0.75,0.99999999,83.0,-0.0,0.0,0.0,3667.5,81.5,1.0,3735.0,45.0,Damage Per Second 83.0,probability burn death: 50.0 % probability bleed out: 0.0 % probability asphixia: 50.0 % probability death: 75.0 %,0.75,0.75,-4019599385035397664,"[{'name': 'SITREP', 'params': {'casualty': 'innocent_soldier'}}, {'name': 'CHECK_ALL_VITALS', 'params': {'casualty': 'intox_soldier_1'}}, {'name': 'SITREP', 'params': {'casualty': 'intox_soldier_2'}}]","SITREP,innocent_soldier,,,;CHECK_ALL_VITALS,intox_soldier_1,,,;SITREP,intox_soldier_2,,,","SITREP,innocent_soldier,,,;CHECK_ALL_VITALS,intox_soldier_1,,,",3,817870977254297073,-7240583468146576880,-6157522491433329589,"{'name': 'SITREP', 'params': {'casualty': 'intox_soldier_2'}}",70,0.0,1.0,0.5428571428571428,0.25175983436853,0.46054285714285714,0.0,0.0,-0.08949579831932775,0.018419265668725343,202,None,None,None,None,None,None,None,None
58,None,False,True,neutral,None,True,AGONY,RESTRICTED,None,no intent,none,1,1,2,False,False,True,False,False,Nasopharyngeal airway,seconds,few,low,equal,0,0,0,0,0,0,0,0,0,0,0,0,0,0,0,0,0,0,0,0,0,0,0,0,0,0,0,0,0,0,0,0,0,0,0,0,0,0,0,0,0,0,0,0,0,0,0,0,0,0,0,0,0,0,0,False,False,False,False,False,0.8485915480785142,1.0,0.3166329174833519,0.04505697121514933,0.0,0.0,1855.0,23.0,35.0,43.0,0.09999999999999998,0.9999,53.0,1.0,1802.5,51.5,1802.5,51.5,1.0,1855.0,35.0,Damage Per Second 43.0,probability burn death: 10.0 % probability bleed out: 0.0 % probability asphixia: 0.0 % probability death: 9.999999999999998 %,0.09999999999999998,0.09999999999999998,-591425005165046701,"[{'name': 'CHECK_ALL_VITALS', 'params': {'casualty': 'intox_soldier_1'}}, {'name': 'SITREP', 'params': {'casualty': 'innocent_soldier'}}, {'name': 'APPLY_TREATMENT', 'params': {'casualty': 'innocent_soldier', 'location': 'left face', 'treatment': 'Nasopharyngeal airway'}}]","CHECK_ALL_VITALS,intox_soldier_1,,,;SITREP,innocent_soldier,,,;APPLY_TREATMENT,innocent_soldier,Nasopharyngeal airway,left face,","CHECK_ALL_VITALS,intox_soldier_1,,,;SITREP,innocent_soldier,,,",3,2841403368351926130,4313941960855923330,66275509081809534,"{'name': 'APPLY_TREATMENT', 'params': {'casualty': 'innocent_soldier', 'location': 'left face', 'treatment': 'Nasopharyngeal airway'}}",40,1.0,1.0,1.0,0.0,1.0,1.0,0.0,0.38095238095238093,-0.2366325369738339,254,1.0,None,None,None,None,None,None,None
59,None,False,False,neutral,None,None,None,None,None,no intent,somewhat indirect,1,1,2,True,False,False,False,False,None,seconds,few,low,equal,0,0,0,0,0,0,0,0,0,0,0,0,0,0,0,0,0,0,0,0,0,0,0,0,0,0,0,0,0,1,0,0,0,0,0,0,0,0,0,0,0,0,0,0,0,0,0,0,0,0,0,0,0,0,0,False,False,False,True,True,0.0031144145932191776,0.0,0.002824856691922913,0.0012909283579973102,0.0,0.0,3667.5,24.0,45.0,81.5,0.75,0.99999999,81.5,-0.0,0.0,0.0,3667.5,81.5,1.0,3667.5,45.0,Damage Per Second 81.5,probability burn death: 50.0 % probability bleed out: 0.0 % probability asphixia: 50.0 % probability death: 75.0 %,0.75,0.75,-5639232062911297079,"[{'name': 'SITREP', 'params': {'casualty': 'innocent_soldier'}}, {'name': 'SITREP', 'params': {'casualty': 'intox_soldier_1'}}]","SITREP,innocent_soldier,,,;SITREP,intox_soldier_1,,,","SITREP,innocent_soldier,,,",2,6809518864429753148,-4166714751686489593,-5465032677147014171,"{'name': 'SITREP', 'params': {'casualty': 'intox_soldier_1'}}",70,0.0,1.0,0.6285714285714286,0.23685300207039336,0.5193771428571429,0.0,0.0,-0.026450405489706785,0.010390311082079606,388,None,None,None,None,None,None,None,None
60,None,False,True,neutral,None,True,CONFUSED,RESTRICTED,None,no intent,somewhat indirect,1,1,2,False,True,False,False,False,None,seconds,few,low,equal,0,0,0,0,0,0,0,0,0,0,0,0,1,1,0,0,0,0,0,0,1,1,1,1,1,1,1,1,1,1,0,0,0,0,0,0,0,1,1,1,0,0,1,1,0,1,1,1,1,1,0,0,0,1,1,False,False,False,True,True,0.7140511180821205,0.5331340531799253,0.267971402246564,0.06813877751765532,0.0,0.0,3735.0,24.0,45.0,83.0,0.75,0.99999999,83.0,-0.0,67.5,1.5,3667.5,81.5,1.0,3735.0,45.0,Damage Per Second 83.0,probability burn death: 50.0 % probability bleed out: 0.0 % probability asphixia: 50.0 % probability death: 75.0 %,0.75,0.75,-7854624455391872009,"[{'name': 'SITREP', 'params': {'casualty': 'innocent_soldier'}}, {'name': 'SITREP', 'params': {'casualty': 'intox_soldier_1'}}, {'name': 'CHECK_ALL_VITALS', 'params': {'casualty': 'intox_soldier_1'}}]","SITREP,innocent_soldier,,,;SITREP,intox_soldier_1,,,;CHECK_ALL_VITALS,intox_soldier_1,,,","SITREP,innocent_soldier,,,;SITREP,intox_soldier_1,,,",3,7115599778460071290,6809518864429753148,-9140432265784913518,"{'name': 'CHECK_ALL_VITALS', 'params': {'casualty': 'intox_soldier_1'}}",28,0.0,1.0,0.7142857142857143,0.21164021164021163,0.6113571428571429,0.0,0.0,0.05756929637526653,-0.015494790043101142,106,None,None,None,None,None,None,None,None
61,None,False,True,neutral,None,True,AGONY,RESTRICTED,FAST,no intent,none,2,0,2,False,False,True,False,False,Nasopharyngeal airway,seconds,few,low,equal,0,0,0,0,0,0,0,0,0,0,0,0,0,0,0,0,0,0,0,0,0,0,0,0,0,0,0,0,0,0,0,0,0,0,0,0,0,0,0,0,0,0,0,0,0,0,0,0,0,0,0,0,0,0,0,False,False,False,False,False,0.8405169638987244,1.0,0.3106761988191836,0.004756560826269838,0.0,0.0,1802.5,23.0,35.0,41.5,0.09999999999999998,0.9999,51.5,1.0,1802.5,51.5,1802.5,51.5,1.0,1802.5,35.0,Damage Per Second 41.5,probability burn death: 10.0 % probability bleed out: 0.0 % probability asphixia: 0.0 % probability death: 9.999999999999998 %,0.09999999999999998,0.09999999999999998,-2846572182559398541,"[{'name': 'CHECK_ALL_VITALS', 'params': {'casualty': 'innocent_soldier'}}, {'name': 'APPLY_TREATMENT', 'params': {'casualty': 'innocent_soldier', 'location': 'left face', 'treatment': 'Nasopharyngeal airway'}}]","CHECK_ALL_VITALS,innocent_soldier,,,;APPLY_TREATMENT,innocent_soldier,Nasopharyngeal airway,left face,","CHECK_ALL_VITALS,innocent_soldier,,,",2,-55762149214884532,3573449643793657917,7774080776324140459,"{'name': 'APPLY_TREATMENT', 'params': {'casualty': 'innocent_soldier', 'location': 'left face', 'treatment': 'Nasopharyngeal airway'}}",30,1.0,1.0,1.0,0.0,1.0,1.0,0.0,0.28865979381443296,-0.20639923081031997,164,1.0,None,None,None,None,None,None,None
62,None,False,True,neutral,None,True,CONFUSED,RESTRICTED,None,no intent,somewhat indirect,1,2,2,False,False,True,False,False,Nasopharyngeal airway,seconds,few,low,equal,1,1,1,1,1,0,0,0,0,1,0,0,0,0,0,0,0,0,0,0,0,0,0,0,0,0,0,0,0,0,1,1,1,1,1,1,0,0,0,0,0,0,0,0,0,0,0,0,0,0,1,0,0,0,0,False,False,False,True,True,0.7140511180821205,0.5331340531799253,0.267971402246564,0.06813877751765535,0.0,0.0,2905.0,23.0,35.0,83.0,0.18999999999999995,0.99999999,83.0,1.0,52.5,1.5,2800.0,80.0,1.0,2905.0,35.0,Damage Per Second 83.0,probability burn death: 10.0 % probability bleed out: 0.0 % probability asphixia: 10.0 % probability death: 18.999999999999993 %,0.18999999999999995,0.18999999999999995,-2102072771887925364,"[{'name': 'CHECK_ALL_VITALS', 'params': {'casualty': 'intox_soldier_2'}}, {'name': 'SITREP', 'params': {'casualty': 'intox_soldier_1'}}, {'name': 'APPLY_TREATMENT', 'params': {'casualty': 'intox_soldier_1', 'location': 'left face', 'treatment': 'Nasopharyngeal airway'}}]","CHECK_ALL_VITALS,intox_soldier_2,,,;SITREP,intox_soldier_1,,,;APPLY_TREATMENT,intox_soldier_1,Nasopharyngeal airway,left face,","CHECK_ALL_VITALS,intox_soldier_2,,,;SITREP,intox_soldier_1,,,",3,-472271513284139243,-1158208535359911611,-1054565924774501846,"{'name': 'APPLY_TREATMENT', 'params': {'casualty': 'intox_soldier_1', 'location': 'left face', 'treatment': 'Nasopharyngeal airway'}}",28,0.0,0.0,0.0,0.0,0.0,0.0,-1.0,-0.4470588235294118,-0.24865993734772016,142,0.0,None,None,None,None,None,None,None
63,None,False,True,neutral,None,True,AGONY,RESTRICTED,FAST,no intent,none,1,1,2,False,False,True,False,False,Pain Medications,seconds,few,low,equal,0,0,0,0,1,0,0,0,0,0,0,1,0,0,0,0,0,0,0,0,0,1,0,0,0,0,1,0,0,0,0,0,0,0,1,0,1,0,0,1,0,1,0,0,0,0,1,0,0,0,0,1,0,0,1,False,False,False,False,False,0.8405169638987244,1.0,0.3106761988191836,0.004756560826269837,0.0,0.0,1660.0,23.0,20.0,83.0,0.18999999999999995,0.99999999,83.0,1.0,1630.0,81.5,1630.0,81.5,1.0,1660.0,20.0,Damage Per Second 83.0,probability burn death: 10.0 % probability bleed out: 0.0 % probability asphixia: 10.0 % probability death: 18.999999999999993 %,0.18999999999999995,0.18999999999999995,772722988137148459,"[{'name': 'CHECK_ALL_VITALS', 'params': {'casualty': 'innocent_soldier'}}, {'name': 'SITREP', 'params': {'casualty': 'intox_soldier_1'}}, {'name': 'APPLY_TREATMENT', 'params': {'casualty': 'innocent_soldier', 'location': 'unspecified', 'treatment': 'Pain Medications'}}]","CHECK_ALL_VITALS,innocent_soldier,,,;SITREP,intox_soldier_1,,,;APPLY_TREATMENT,innocent_soldier,Pain Medications,unspecified,","CHECK_ALL_VITALS,innocent_soldier,,,;SITREP,intox_soldier_1,,,",3,-8891423113589583923,1425609290225087080,4031759649079754521,"{'name': 'APPLY_TREATMENT', 'params': {'casualty': 'innocent_soldier', 'location': 'unspecified', 'treatment': 'Pain Medications'}}",56,1.0,1.0,1.0,0.0,1.0,1.0,0.0,0.3790322580645161,-0.2363197074572287,192,1.0,None,None,None,None,None,None,None
64,None,False,True,neutral,None,True,AGONY,RESTRICTED,FAST,no intent,none,2,0,2,False,False,True,False,False,Pain Medications,seconds,few,low,equal,0,0,0,0,1,0,0,0,0,0,0,1,0,0,0,0,0,0,0,0,0,1,0,0,0,0,1,0,0,0,0,0,0,0,1,0,1,0,0,1,0,1,0,0,0,0,1,0,0,0,0,1,0,0,1,False,False,False,False,False,0.8405169638987244,1.0,0.3106761988191836,0.004756560826269838,0.0,0.0,1630.0,23.0,20.0,81.5,0.18999999999999995,0.99999999,81.5,1.0,1630.0,81.5,1630.0,81.5,1.0,1630.0,20.0,Damage Per Second 81.5,probability burn death: 10.0 % probability bleed out: 0.0 % probability asphixia: 10.0 % probability death: 18.999999999999993 %,0.18999999999999995,0.18999999999999995,-2846572182559398541,"[{'name': 'SITREP', 'params': {'casualty': 'innocent_soldier'}}, {'name': 'CHECK_ALL_VITALS', 'params': {'casualty': 'innocent_soldier'}}, {'name': 'APPLY_TREATMENT', 'params': {'casualty': 'innocent_soldier', 'location': 'unspecified', 'treatment': 'Pain Medications'}}]","SITREP,innocent_soldier,,,;CHECK_ALL_VITALS,innocent_soldier,,,;APPLY_TREATMENT,innocent_soldier,Pain Medications,unspecified,","SITREP,innocent_soldier,,,;CHECK_ALL_VITALS,innocent_soldier,,,",3,6101842144763543155,-8077619107207142021,7774080776324140459,"{'name': 'APPLY_TREATMENT', 'params': {'casualty': 'innocent_soldier', 'location': 'unspecified', 'treatment': 'Pain Medications'}}",14,1.0,1.0,1.0,0.0,1.0,1.0,0.0,0.28865979381443296,-0.20639923081031997,180,1.0,None,None,None,None,None,None,None
65,None,False,True,neutral,None,True,AGONY,RESTRICTED,None,no intent,none,2,0,2,False,False,True,False,False,Pain Medications,seconds,few,low,equal,0,0,0,0,1,0,0,0,0,1,0,1,0,0,0,0,0,0,0,0,0,0,0,0,0,0,0,0,0,0,0,0,0,0,1,0,1,0,0,0,0,1,0,0,0,0,0,0,0,0,0,1,0,0,0,False,False,False,False,False,0.8485915480785143,1.0,0.31663291748335176,0.04505697121514931,0.0,0.0,1630.0,23.0,20.0,81.5,0.18999999999999995,0.99999999,81.5,1.0,1630.0,81.5,1630.0,81.5,1.0,1630.0,20.0,Damage Per Second 81.5,probability burn death: 10.0 % probability bleed out: 0.0 % probability asphixia: 10.0 % probability death: 18.999999999999993 %,0.18999999999999995,0.18999999999999995,6169441604540273033,"[{'name': 'SITREP', 'params': {'casualty': 'innocent_soldier'}}, {'name': 'APPLY_TREATMENT', 'params': {'casualty': 'innocent_soldier', 'location': 'unspecified', 'treatment': 'Pain Medications'}}]","SITREP,innocent_soldier,,,;APPLY_TREATMENT,innocent_soldier,Pain Medications,unspecified,","SITREP,innocent_soldier,,,",2,3077729923197272476,-4166714751686489593,-326395727230765995,"{'name': 'APPLY_TREATMENT', 'params': {'casualty': 'innocent_soldier', 'location': 'unspecified', 'treatment': 'Pain Medications'}}",20,1.0,1.0,1.0,0.0,1.0,1.0,0.0,0.38636363636363635,-0.23798824749395092,244,1.0,None,None,None,None,None,None,None
66,None,False,True,neutral,None,True,CONFUSED,RESTRICTED,None,no intent,somewhat indirect,1,2,2,False,True,False,False,False,None,seconds,few,low,equal,0,0,0,0,0,0,0,0,0,0,0,0,1,1,0,0,0,0,0,0,1,1,1,1,1,1,1,1,1,1,0,0,0,0,0,0,0,1,1,1,0,0,1,1,0,1,1,1,1,1,0,0,0,1,1,False,False,False,True,True,0.7140511180821205,0.5331340531799253,0.267971402246564,0.06813877751765533,0.0,0.0,3735.0,24.0,45.0,83.0,0.75,0.99999999,83.0,-0.0,67.5,1.5,3600.0,80.0,1.0,3735.0,45.0,Damage Per Second 83.0,probability burn death: 50.0 % probability bleed out: 0.0 % probability asphixia: 50.0 % probability death: 75.0 %,0.75,0.75,-5725871642838029076,"[{'name': 'SITREP', 'params': {'casualty': 'intox_soldier_2'}}, {'name': 'SITREP', 'params': {'casualty': 'intox_soldier_1'}}, {'name': 'CHECK_ALL_VITALS', 'params': {'casualty': 'intox_soldier_1'}}]","SITREP,intox_soldier_2,,,;SITREP,intox_soldier_1,,,;CHECK_ALL_VITALS,intox_soldier_1,,,","SITREP,intox_soldier_2,,,;SITREP,intox_soldier_1,,,",3,-5103558873720722963,-7942738747050902308,6397413380075875827,"{'name': 'CHECK_ALL_VITALS', 'params': {'casualty': 'intox_soldier_1'}}",22,0.0,1.0,0.36363636363636365,0.24242424242424243,0.3051,0.0,0.0,-0.09703779366700716,-0.007432927638602732,156,None,None,None,None,None,None,None,None
67,None,False,True,neutral,None,True,CONFUSED,RESTRICTED,FAST,no intent,somewhat indirect,1,1,2,False,False,True,False,False,Nasopharyngeal airway,seconds,few,low,equal,0,0,0,0,0,0,0,0,0,0,0,0,0,0,0,0,0,0,0,0,0,0,0,0,0,0,0,0,0,0,0,0,0,0,0,0,0,0,0,0,0,0,0,0,0,0,0,0,0,0,0,0,0,0,0,False,False,False,True,True,0.6982196275323524,0.5272642199003905,0.25513884884936733,0.007317683529373684,0.0,0.0,2905.0,23.0,35.0,83.0,0.18999999999999995,0.99999999,83.0,1.0,52.5,1.5,2852.5,81.5,1.0,2905.0,35.0,Damage Per Second 83.0,probability burn death: 10.0 % probability bleed out: 0.0 % probability asphixia: 10.0 % probability death: 18.999999999999993 %,0.18999999999999995,0.18999999999999995,8252293892126493874,"[{'name': 'CHECK_ALL_VITALS', 'params': {'casualty': 'innocent_soldier'}}, {'name': 'CHECK_ALL_VITALS', 'params': {'casualty': 'intox_soldier_1'}}, {'name': 'APPLY_TREATMENT', 'params': {'casualty': 'intox_soldier_1', 'location': 'left face', 'treatment': 'Nasopharyngeal airway'}}]","CHECK_ALL_VITALS,innocent_soldier,,,;CHECK_ALL_VITALS,intox_soldier_1,,,;APPLY_TREATMENT,intox_soldier_1,Nasopharyngeal airway,left face,","CHECK_ALL_VITALS,innocent_soldier,,,;CHECK_ALL_VITALS,intox_soldier_1,,,",3,-6714986984528558600,-4498484302061149582,6170511909069592840,"{'name': 'APPLY_TREATMENT', 'params': {'casualty': 'intox_soldier_1', 'location': 'left face', 'treatment': 'Nasopharyngeal airway'}}",14,0.0,0.0,0.0,0.0,0.0,0.0,-1.0,-0.6428571428571429,-0.23166023166023167,98,0.0,None,None,None,None,None,None,None
