,UserId,ProviderType,YearsExperience,TreatmentOrder,PatientTreated,TreatmentApplied,Denial,Mission
0,05e02be0,Paramedic,3,0,Casualty E,HemorrhageControl,9.0,4.0
1,05e02be0,Paramedic,3,1,Casualty F,Airway,2.0,8.0
2,05e02be0,Paramedic,3,2,Casualty E,SalineLock,4.0,7.0
3,05e02be0,Paramedic,3,3,Casualty E,Medications,1.0,3.0
4,05e02be0,Paramedic,3,4,Casualty D,Airway,2.0,7.0
5,1ca25305,Physician,7,0,Casualty E,ChestSeal,3.0,5.0
6,1ca25305,Physician,7,1,Casualty D,NeedleDecomp,1.0,7.0
7,1ca25305,Physician,7,2,Casualty A,SalineLock,3.0,5.0
8,1ca25305,Physician,7,3,Casualty B,Airway,3.0,8.0
9,1ca25305,Physician,7,4,Casualty A,SalineLock,3.0,7.0
10,1ca25305,Physician,7,5,Casualty E,Medications,0.0,8.0
11,1ca25305,Physician,7,6,Casualty E,NeedleDecomp,8.0,4.0
12,1ca25305,Physician,7,7,Casualty A,HemorrhageControl,3.0,7.0
13,1ca25305,Physician,7,8,Casualty B,Medications,3.0,7.0
14,47c45fd3,Nurse,25,0,Casualty F,SalineLock,3.0,7.0
15,47c45fd3,Nurse,25,1,Casualty B,Medications,6.0,8.0
16,47c45fd3,Nurse,25,2,Casualty A,SalineLock,8.0,6.0
17,47c45fd3,Nurse,25,3,Casualty F,Airway,8.0,7.0
18,47c45fd3,Nurse,25,4,Casualty F,HemorrhageControl,9.0,7.0
19,47c45fd3,Nurse,25,5,Casualty D,Airway,8.0,5.0
20,47c45fd3,Nurse,25,6,Casualty E,HemorrhageControl,8.0,7.0
21,47c45fd3,Nurse,25,7,Casualty B,Medications,0.0,7.0
22,47c45fd3,Nurse,25,8,Casualty E,Medications,3.0,8.0
23,47c45fd3,Nurse,25,9,Casualty A,IvFluids,3.0,7.0
24,47c45fd3,Nurse,25,10,Casualty F,Airway,8.0,6.0
25,47c45fd3,Nurse,25,11,Casualty D,Medications,7.0,7.0
26,4de83e56,Physician,1,0,Casualty D,Airway,9.0,7.0
27,4de83e56,Physician,1,1,Casualty D,NeedleDecomp,2.0,8.0
28,5760f9f3,Nurse Practitioner,3,0,Casualty E,NeedleDecomp,0.0,4.0
29,5760f9f3,Nurse Practitioner,3,1,Casualty F,Medications,5.0,7.0
30,5760f9f3,Nurse Practitioner,3,2,Casualty B,HemorrhageControl,5.0,5.0
31,5760f9f3,Nurse Practitioner,3,3,Casualty D,NeedleDecomp,9.0,6.0
32,5760f9f3,Nurse Practitioner,3,4,Casualty E,Airway,2.0,9.0
33,5760f9f3,Nurse Practitioner,3,5,Casualty A,SalineLock,7.0,7.0
34,5760f9f3,Nurse Practitioner,3,6,Casualty F,SalineLock,6.0,6.0
35,5760f9f3,Nurse Practitioner,3,7,Casualty B,Medications,4.0,7.0
36,5760f9f3,Nurse Practitioner,3,8,Casualty A,HemorrhageControl,6.0,9.0
37,5760f9f3,Nurse Practitioner,3,9,Casualty A,Medications,1.0,3.0
38,6bf0e014,Non-medical,0,0,Casualty A,HemorrhageControl,4.0,7.0
39,6bf0e014,Non-medical,0,1,Casualty F,SalineLock,1.0,7.0
40,6bf0e014,Non-medical,0,2,Casualty E,SalineLock,8.0,4.0
41,6bf0e014,Non-medical,0,3,Casualty B,HemorrhageControl,2.0,8.0
42,6bf0e014,Non-medical,0,4,Casualty F,TranexamicAcid,3.0,9.0
43,6bf0e014,Non-medical,0,5,Casualty D,HemorrhageControl,2.0,7.0
44,9779a66c,EMT,1,0,Casualty E,Airway,5.0,8.0
45,a5f43ad2,Physician,3,0,Casualty D,NeedleDecomp,7.0,7.0
46,a5f43ad2,Physician,3,1,Casualty D,SalineLock,8.0,7.0
47,a5f43ad2,Physician,3,2,Casualty B,Medications,7.0,7.0
48,ab7c6630,Paramedic,9,0,Casualty F,IntraossDevice,7.0,9.0
49,c5a14e15,Non-medical,0,0,Casualty B,Medications,0.0,4.0
50,c5a14e15,Non-medical,0,1,Casualty A,HemorrhageControl,4.0,9.0
51,c5a14e15,Non-medical,0,2,Casualty E,Medications,0.0,7.0
52,c5a14e15,Non-medical,0,3,Casualty F,Medications,9.0,6.0
53,c5a14e15,Non-medical,0,4,Casualty B,ChestSeal,2.0,5.0
54,eb095ef8,Physician,11,0,Casualty D,Airway,2.0,5.0
55,eb095ef8,Physician,11,1,Casualty A,ChestSeal,1.0,4.0
56,eb095ef8,Physician,11,2,Casualty E,ChestSeal,8.0,9.0
57,eb095ef8,Physician,11,3,Casualty F,Medications,6.0,8.0
58,eb095ef8,Physician,11,4,Casualty F,SalineLock,4.0,8.0
59,eb095ef8,Physician,11,5,Casualty F,Medications,5.0,8.0
60,eb095ef8,Physician,11,6,Casualty E,Medications,7.0,3.0
61,eb095ef8,Physician,11,7,Casualty E,Medications,7.0,4.0
62,ebdfba9c,Physician,8,0,Casualty A,TranexamicAcid,7.0,7.0
63,ebdfba9c,Physician,8,1,Casualty A,BloodProducts,2.0,8.0
64,ebdfba9c,Physician,8,2,Casualty D,HemorrhageControl,1.0,8.0
65,ebdfba9c,Physician,8,3,Casualty D,Airway,2.0,4.0
66,ebdfba9c,Physician,8,4,Casualty E,Medications,9.0,7.0
67,ebdfba9c,Physician,8,5,Casualty F,Airway,7.0,6.0
68,ebdfba9c,Physician,8,6,Casualty A,Medications,8.0,8.0
69,ebdfba9c,Physician,8,7,Casualty F,BloodProducts,3.0,5.0
70,ebdfba9c,Physician,8,8,Casualty A,Medications,5.0,5.0
71,ebdfba9c,Physician,8,9,Casualty E,SalineLock,0.0,5.0
72,ebdfba9c,Physician,8,10,Casualty E,SalineLock,3.0,7.0
73,ebdfba9c,Physician,8,11,Casualty B,HemorrhageControl,3.0,8.0
74,ebdfba9c,Physician,8,12,Casualty D,NeedleDecomp,2.0,5.0
75,ebdfba9c,Physician,8,13,Casualty E,SalineLock,3.0,5.0
76,ebdfba9c,Physician,8,14,Casualty B,Medications,2.0,6.0
77,f2f4c6c9,Physician,3,0,Casualty D,HemorrhageControl,7.0,4.0
78,f2f4c6c9,Physician,3,1,Casualty A,SalineLock,1.0,5.0
79,f2f4c6c9,Physician,3,2,Casualty F,Medications,4.0,6.0
80,f2f4c6c9,Physician,3,3,Casualty E,Airway,4.0,8.0
81,f2f4c6c9,Physician,3,4,Casualty F,Medications,1.0,7.0
82,f2f4c6c9,Physician,3,5,Casualty E,Medications,3.0,7.0
83,f2f4c6c9,Physician,3,6,Casualty F,SalineLock,3.0,8.0
84,f2f4c6c9,Physician,3,7,Casualty B,Airway,2.0,7.0
85,f3988793,EMT,3,0,Casualty F,Medications,9.0,8.0
86,f3988793,EMT,3,1,Casualty F,Medications,0.0,7.0
87,f3988793,EMT,3,2,Casualty A,IvFluids,0.0,7.0
88,f3988793,EMT,3,3,Casualty E,HemorrhageControl,4.0,5.0
89,f3988793,EMT,3,4,Casualty D,ChestSeal,0.0,7.0
90,02c4d12a,Paramedic,5,0,Casualty A,IvFluids,8.0,8.0
91,02c4d12a,Paramedic,5,1,Casualty D,ChestSeal,0.0,9.0
92,02c4d12a,Paramedic,5,2,Casualty E,Medications,7.0,8.0
93,02c4d12a,Paramedic,5,3,Casualty B,SalineLock,5.0,8.0
94,02c4d12a,Paramedic,5,4,Casualty F,Medications,1.0,8.0
95,02c4d12a,Paramedic,5,5,Casualty E,SalineLock,9.0,8.0
96,02c4d12a,Paramedic,5,6,Casualty E,Medications,7.0,7.0
97,0ed82af7,Non-medical,0,0,Casualty F,Medications,8.0,9.0
98,0ed82af7,Non-medical,0,1,Casualty E,HemorrhageControl,9.0,9.0
99,0ed82af7,Non-medical,0,2,Casualty B,Medications,6.0,8.0
100,0ed82af7,Non-medical,0,3,Casualty B,ChestSeal,1.0,5.0
101,0ed82af7,Non-medical,0,4,Casualty B,Medications,8.0,8.0
102,0ed82af7,Non-medical,0,5,Casualty F,HemorrhageControl,4.0,4.0
103,123a86b5,Physician,1,0,Casualty A,HemorrhageControl,4.0,7.0
104,123a86b5,Physician,1,1,Casualty F,Medications,7.0,8.0
105,123a86b5,Physician,1,2,Casualty B,Medications,2.0,7.0
106,210423d7,Paramedic,9,0,Casualty E,Airway,5.0,7.0
107,210423d7,Paramedic,9,1,Casualty B,Medications,3.0,7.0
108,210423d7,Paramedic,9,2,Casualty A,Medications,8.0,9.0
109,210423d7,Paramedic,9,3,Casualty E,IvFluids,3.0,6.0
110,210423d7,Paramedic,9,4,Casualty B,Medications,3.0,5.0
111,670f892b,Physician,12,0,Casualty B,HemorrhageControl,9.0,7.0
112,670f892b,Physician,12,1,Casualty F,BloodProducts,3.0,5.0
113,670f892b,Physician,12,2,Casualty B,Medications,3.0,7.0
114,670f892b,Physician,12,3,Casualty B,HemorrhageControl,0.0,8.0
115,670f892b,Physician,12,4,Casualty B,IvFluids,0.0,5.0
116,670f892b,Physician,12,5,Casualty E,HemorrhageControl,0.0,7.0
117,670f892b,Physician,12,6,Casualty E,IntraossDevice,3.0,9.0
118,670f892b,Physician,12,7,Casualty E,HemorrhageControl,3.0,7.0
119,670f892b,Physician,12,8,Casualty B,HemorrhageControl,4.0,7.0
120,670f892b,Physician,12,9,Casualty D,Airway,0.0,3.0
121,670f892b,Physician,12,10,Casualty E,SalineLock,6.0,7.0
122,752c033b,Physician,25,0,Casualty B,IntraossDevice,5.0,8.0
123,7d5b8860,Paramedic,3,0,Casualty E,IvFluids,7.0,7.0
124,7d5b8860,Paramedic,3,1,Casualty B,Airway,4.0,6.0
125,7d5b8860,Paramedic,3,2,Casualty D,Medications,3.0,7.0
126,7d5b8860,Paramedic,3,3,Casualty E,ChestSeal,9.0,4.0
127,7d5b8860,Paramedic,3,4,Casualty A,SalineLock,3.0,5.0
128,7d5b8860,Paramedic,3,5,Casualty D,NeedleDecomp,8.0,4.0
129,7d5b8860,Paramedic,3,6,Casualty E,HemorrhageControl,1.0,7.0
130,7d5b8860,Paramedic,3,7,Casualty F,Airway,7.0,9.0
131,7d5b8860,Paramedic,3,8,Casualty F,Medications,1.0,3.0
132,7d5b8860,Paramedic,3,9,Casualty E,Medications,0.0,7.0
133,7e89e670,Nurse,25,0,Casualty A,Airway,2.0,8.0
134,7e89e670,Nurse,25,1,Casualty E,HemorrhageControl,6.0,9.0
135,9cf4b5da,Physician,12,0,Casualty F,Medications,2.0,7.0
136,9cf4b5da,Physician,12,1,Casualty E,IntraossDevice,9.0,5.0
137,9cf4b5da,Physician,12,2,Casualty A,Airway,5.0,7.0
138,a30e8435,Physician,9,0,Casualty F,Medications,6.0,7.0
139,a30e8435,Physician,9,1,Casualty A,SalineLock,8.0,7.0
140,a30e8435,Physician,9,2,Casualty E,SalineLock,1.0,8.0
141,a30e8435,Physician,9,3,Casualty B,Medications,0.0,8.0
142,a30e8435,Physician,9,4,Casualty B,SalineLock,8.0,7.0
143,a30e8435,Physician,9,5,Casualty E,Medications,4.0,7.0
144,a30e8435,Physician,9,6,Casualty E,HemorrhageControl,7.0,3.0
145,a30e8435,Physician,9,7,Casualty F,IvFluids,6.0,4.0
146,a30e8435,Physician,9,8,Casualty A,Airway,9.0,3.0
147,a30e8435,Physician,9,9,Casualty E,HemorrhageControl,0.0,5.0
148,a30e8435,Physician,9,10,Casualty F,HemorrhageControl,3.0,4.0
149,a30e8435,Physician,9,11,Casualty B,TranexamicAcid,9.0,7.0
150,a30e8435,Physician,9,12,Casualty A,HemorrhageControl,2.0,7.0
151,a30e8435,Physician,9,13,Casualty E,NeedleDecomp,7.0,8.0
152,a30e8435,Physician,9,14,Casualty B,TranexamicAcid,1.0,4.0
153,a30e8435,Physician,9,15,Casualty D,ChestSeal,2.0,8.0
154,a30e8435,Physician,9,16,Casualty B,NeedleDecomp,8.0,9.0
155,a30e8435,Physician,9,17,Casualty E,IvFluids,8.0,7.0
156,a30e8435,Physician,9,18,Casualty B,SalineLock,6.0,7.0
157,ae928493,Non-medical,0,0,Casualty B,Medications,4.0,7.0
158,ae928493,Non-medical,0,1,Casualty F,SalineLock,4.0,3.0
159,ae928493,Non-medical,0,2,Casualty B,Airway,5.0,8.0
160,ae928493,Non-medical,0,3,Casualty E,Medications,1.0,3.0
161,ae928493,Non-medical,0,4,Casualty E,SalineLock,7.0,4.0
162,ae928493,Non-medical,0,5,Casualty F,Airway,9.0,5.0
163,ae928493,Non-medical,0,6,Casualty A,HemorrhageControl,3.0,4.0
164,ae928493,Non-medical,0,7,Casualty D,SalineLock,4.0,7.0
165,b817e618,Physician,10,0,Casualty F,HemorrhageControl,5.0,7.0
166,b817e618,Physician,10,1,Casualty B,IvFluids,4.0,7.0
167,b817e618,Physician,10,2,Casualty B,Airway,4.0,5.0
168,b817e618,Physician,10,3,Casualty A,IvFluids,4.0,8.0
169,d2afee53,Physician,12,0,Casualty E,Medications,2.0,5.0
170,d2afee53,Physician,12,1,Casualty D,IntraossDevice,6.0,8.0
171,d2afee53,Physician,12,2,Casualty E,Medications,6.0,8.0
172,d2afee53,Physician,12,3,Casualty A,ChestSeal,5.0,5.0
173,d5ce7580,EMT,4,0,Casualty D,HemorrhageControl,7.0,4.0
174,d5ce7580,EMT,4,1,Casualty A,Medications,9.0,3.0
175,d5ce7580,EMT,4,2,Casualty D,HemorrhageControl,7.0,7.0
176,d5ce7580,EMT,4,3,Casualty E,IvFluids,5.0,5.0
177,d5ce7580,EMT,4,4,Casualty B,SalineLock,7.0,8.0
178,d5ce7580,EMT,4,5,Casualty B,Medications,4.0,8.0
179,d5ce7580,EMT,4,6,Casualty E,Airway,9.0,5.0
180,d5ce7580,EMT,4,7,Casualty B,IntraossDevice,0.0,7.0
181,d5ce7580,EMT,4,8,Casualty E,HemorrhageControl,1.0,7.0
182,fa9e90ce,Non-medical,0,0,Casualty A,Airway,1.0,4.0
183,fa9e90ce,Non-medical,0,1,Casualty E,Medications,2.0,7.0
184,fa9e90ce,Non-medical,0,2,Casualty B,Medications,4.0,7.0
185,fa9e90ce,Non-medical,0,3,Casualty B,Airway,9.0,9.0
186,fa9e90ce,Non-medical,0,4,Casualty E,HemorrhageControl,0.0,9.0
187,fa9e90ce,Non-medical,0,5,Casualty E,Medications,8.0,5.0
188,fa9e90ce,Non-medical,0,6,Casualty B,HemorrhageControl,0.0,5.0
189,1a8e42af,Nurse,12,0,Casualty E,SalineLock,0.0,7.0
190,1a8e42af,Nurse,12,1,Casualty E,Medications,5.0,7.0
191,1a8e42af,Nurse,12,2,Casualty E,HemorrhageControl,9.0,8.0
192,1a8e42af,Nurse,12,3,Casualty A,ChestSeal,2.0,8.0
193,1a8e42af,Nurse,12,4,Casualty D,HemorrhageControl,7.0,5.0
194,1a8e42af,Nurse,12,5,Casualty F,Airway,6.0,7.0
195,1adb4c8a,Paramedic,5,0,Casualty B,SalineLock,1.0,4.0
196,1adb4c8a,Paramedic,5,1,Casualty F,SalineLock,7.0,7.0
197,1adb4c8a,Paramedic,5,2,Casualty A,Medications,5.0,6.0
198,1df51010,Physician,1,0,Casualty E,Airway,0.0,8.0
199,1df51010,Physician,1,1,Casualty E,Airway,9.0,7.0
200,1df51010,Physician,1,2,Casualty A,IntraossDevice,9.0,8.0
201,1df51010,Physician,1,3,Casualty E,HemorrhageControl,4.0,7.0
202,1df51010,Physician,1,4,Casualty F,Airway,7.0,3.0
203,1df51010,Physician,1,5,Casualty E,Medications,3.0,9.0
204,1df51010,Physician,1,6,Casualty F,IntraossDevice,7.0,8.0
205,1df51010,Physician,1,7,Casualty B,HemorrhageControl,9.0,6.0
206,1df51010,Physician,1,8,Casualty F,HemorrhageControl,1.0,9.0
207,2975fa60,Non-medical,0,0,Casualty F,Medications,2.0,7.0
208,2975fa60,Non-medical,0,1,Casualty B,Airway,7.0,7.0
209,2975fa60,Non-medical,0,2,Casualty E,Medications,0.0,5.0
210,2975fa60,Non-medical,0,3,Casualty E,Medications,2.0,7.0
211,2975fa60,Non-medical,0,4,Casualty E,Airway,3.0,5.0
212,3764e407,Nurse,4,0,Casualty A,Medications,8.0,9.0
213,3764e407,Nurse,4,1,Casualty A,Airway,1.0,9.0
214,3764e407,Nurse,4,2,Casualty D,HemorrhageControl,4.0,7.0
215,3764e407,Nurse,4,3,Casualty E,HemorrhageControl,2.0,9.0
216,3764e407,Nurse,4,4,Casualty F,SalineLock,2.0,7.0
217,3764e407,Nurse,4,5,Casualty E,Medications,5.0,7.0
218,3764e407,Nurse,4,6,Casualty A,HemorrhageControl,9.0,5.0
219,51874709,Non-medical,0,0,Casualty E,SalineLock,3.0,4.0
220,51874709,Non-medical,0,1,Casualty E,HemorrhageControl,6.0,7.0
221,51874709,Non-medical,0,2,Casualty B,HemorrhageControl,3.0,7.0
222,58e07cad,Paramedic,9,0,Casualty F,Airway,3.0,4.0
223,58e07cad,Paramedic,9,1,Casualty D,Airway,4.0,3.0
224,58e07cad,Paramedic,9,2,Casualty D,Medications,8.0,7.0
225,58e07cad,Paramedic,9,3,Casualty D,HemorrhageControl,6.0,7.0
226,58e07cad,Paramedic,9,4,Casualty F,HemorrhageControl,4.0,7.0
227,58e07cad,Paramedic,9,5,Casualty F,Medications,2.0,7.0
228,58e07cad,Paramedic,9,6,Casualty B,HemorrhageControl,4.0,7.0
229,64dc6e99,Nurse,2,0,Casualty E,IntraossDevice,2.0,3.0
230,64dc6e99,Nurse,2,1,Casualty A,NeedleDecomp,3.0,7.0
231,64dc6e99,Nurse,2,2,Casualty A,SalineLock,8.0,8.0
232,64dc6e99,Nurse,2,3,Casualty E,Medications,1.0,7.0
233,686e685d,Physician,20,0,Casualty F,TranexamicAcid,9.0,6.0
234,686e685d,Physician,20,1,Casualty F,Airway,1.0,7.0
235,686e685d,Physician,20,2,Casualty E,IvFluids,1.0,7.0
236,686e685d,Physician,20,3,Casualty E,HemorrhageControl,7.0,7.0
237,686e685d,Physician,20,4,Casualty B,SalineLock,3.0,5.0
238,686e685d,Physician,20,5,Casualty F,HemorrhageControl,3.0,7.0
239,6ad3c748,Nurse,12,0,Casualty D,Airway,5.0,9.0
240,6ad3c748,Nurse,12,1,Casualty F,Airway,0.0,8.0
241,6ad3c748,Nurse,12,2,Casualty A,Airway,4.0,5.0
242,6ad3c748,Nurse,12,3,Casualty F,SalineLock,0.0,3.0
243,85d13469,Nurse Practitioner,1,0,Casualty E,SalineLock,3.0,5.0
244,85d13469,Nurse Practitioner,1,1,Casualty D,HemorrhageControl,3.0,7.0
245,85d13469,Nurse Practitioner,1,2,Casualty B,ChestSeal,2.0,7.0
246,85d13469,Nurse Practitioner,1,3,Casualty E,TranexamicAcid,7.0,6.0
247,85d13469,Nurse Practitioner,1,4,Casualty F,HemorrhageControl,4.0,5.0
248,85d13469,Nurse Practitioner,1,5,Casualty A,IvFluids,2.0,8.0
249,b111a638,Physician,5,0,Casualty F,Medications,1.0,7.0
250,b111a638,Physician,5,1,Casualty E,Medications,8.0,7.0
251,b111a638,Physician,5,2,Casualty A,Airway,6.0,8.0
252,b111a638,Physician,5,3,Casualty F,HemorrhageControl,4.0,3.0
253,b111a638,Physician,5,4,Casualty E,ChestSeal,1.0,8.0
254,b111a638,Physician,5,5,Casualty E,Medications,9.0,5.0
255,b111a638,Physician,5,6,Casualty B,SalineLock,1.0,9.0
256,b111a638,Physician,5,7,Casualty B,Medications,3.0,6.0
257,b111a638,Physician,5,8,Casualty B,SalineLock,3.0,7.0
258,b111a638,Physician,5,9,Casualty E,Airway,6.0,5.0
259,baf70335,Non-medical,0,0,Casualty E,ChestSeal,7.0,5.0
260,baf70335,Non-medical,0,1,Casualty A,SalineLock,4.0,6.0
261,baf70335,Non-medical,0,2,Casualty E,ChestSeal,3.0,7.0
262,baf70335,Non-medical,0,3,Casualty E,ChestSeal,9.0,9.0
263,baf70335,Non-medical,0,4,Casualty B,IntraossDevice,2.0,7.0
264,baf70335,Non-medical,0,5,Casualty F,Medications,9.0,7.0
265,bcf2becb,Physician,9,0,Casualty A,SalineLock,3.0,8.0
266,bcf2becb,Physician,9,1,Casualty B,Medications,5.0,6.0
267,0e597569,Physician,3,0,Casualty D,SalineLock,3.0,9.0
268,1b1196b6,Non-medical,0,0,Casualty D,Airway,4.0,7.0
269,1b1196b6,Non-medical,0,1,Casualty A,HemorrhageControl,0.0,7.0
270,1b1196b6,Non-medical,0,2,Casualty F,IntraossDevice,3.0,7.0
271,1b1196b6,Non-medical,0,3,Casualty A,Medications,3.0,8.0
272,1b1196b6,Non-medical,0,4,Casualty F,IntraossDevice,2.0,8.0
273,1b1196b6,Non-medical,0,5,Casualty E,Medications,7.0,8.0
274,34022be1,Physician,3,0,Casualty B,Airway,0.0,9.0
275,34022be1,Physician,3,1,Casualty A,Medications,6.0,6.0
276,34022be1,Physician,3,2,Casualty E,NeedleDecomp,8.0,6.0
277,34022be1,Physician,3,3,Casualty B,Medications,9.0,7.0
278,34022be1,Physician,3,4,Casualty F,IvFluids,8.0,6.0
279,34022be1,Physician,3,5,Casualty B,TranexamicAcid,5.0,7.0
280,34022be1,Physician,3,6,Casualty E,SalineLock,5.0,7.0
281,34022be1,Physician,3,7,Casualty D,SalineLock,9.0,5.0
282,34022be1,Physician,3,8,Casualty E,Medications,3.0,7.0
283,472e625e,EMT,4,0,Casualty D,Medications,4.0,7.0
284,472e625e,EMT,4,1,Casualty A,ChestSeal,2.0,4.0
285,472e625e,EMT,4,2,Casualty F,Medications,3.0,7.0
286,472e625e,EMT,4,3,Casualty A,Medications,2.0,8.0
287,472e625e,EMT,4,4,Casualty A,Medications,2.0,8.0
288,4fc3bcbe,EMT,0,0,Casualty E,Medications,2.0,7.0
289,57146bef,Non-medical,0,0,Casualty B,SalineLock,8.0,4.0
290,57146bef,Non-medical,0,1,Casualty B,NeedleDecomp,0.0,7.0
291,57146bef,Non-medical,0,2,Casualty F,HemorrhageControl,3.0,8.0
292,57146bef,Non-medical,0,3,Casualty F,HemorrhageControl,1.0,7.0
293,57146bef,Non-medical,0,4,Casualty B,NeedleDecomp,2.0,6.0
294,57146bef,Non-medical,0,5,Casualty B,SalineLock,9.0,9.0
295,57146bef,Non-medical,0,6,Casualty E,Medications,8.0,7.0
296,57146bef,Non-medical,0,7,Casualty F,SalineLock,8.0,7.0
297,57146bef,Non-medical,0,8,Casualty E,ChestSeal,2.0,7.0
298,57146bef,Non-medical,0,9,Casualty B,SalineLock,6.0,7.0
299,57146bef,Non-medical,0,10,Casualty E,SalineLock,2.0,3.0
300,59a3e49d,Physician,3,0,Casualty E,Medications,1.0,7.0
301,59a3e49d,Physician,3,1,Casualty E,IvFluids,3.0,8.0
302,869da016,Physician,9,0,Casualty B,HemorrhageControl,1.0,4.0
303,869da016,Physician,9,1,Casualty B,Medications,2.0,7.0
304,869da016,Physician,9,2,Casualty F,Airway,8.0,7.0
305,869da016,Physician,9,3,Casualty A,HemorrhageControl,3.0,7.0
306,869da016,Physician,9,4,Casualty A,HemorrhageControl,6.0,8.0
307,869da016,Physician,9,5,Casualty F,Medications,3.0,3.0
308,869da016,Physician,9,6,Casualty A,Medications,9.0,7.0
309,9b45b271,Physician,14,0,Casualty F,IntraossDevice,0.0,4.0
310,9b45b271,Physician,14,1,Casualty E,HemorrhageControl,7.0,8.0
311,9b45b271,Physician,14,2,Casualty B,Airway,5.0,7.0
312,9b45b271,Physician,14,3,Casualty B,HemorrhageControl,2.0,7.0
313,9b45b271,Physician,14,4,Casualty E,NeedleDecomp,4.0,9.0
314,9b45b271,Physician,14,5,Casualty F,IvFluids,0.0,8.0
315,9b45b271,Physician,14,6,Casualty B,Airway,4.0,5.0
316,9b45b271,Physician,14,7,Casualty F,HemorrhageControl,0.0,4.0
317,9b45b271,Physician,14,8,Casualty F,SalineLock,2.0,3.0
318,9b45b271,Physician,14,9,Casualty B,IvFluids,7.0,5.0
319,9b45b271,Physician,14,10,Casualty E,IvFluids,6.0,8.0
320,9b45b271,Physician,14,11,Casualty F,Medications,5.0,4.0
321,a7a2bb9e,Nurse,10,0,Casualty A,HemorrhageControl,8.0,7.0
322,a7a2bb9e,Nurse,10,1,Casualty E,Medications,7.0,7.0
323,a7a2bb9e,Nurse,10,2,Casualty D,Airway,2.0,7.0
324,a7a2bb9e,Nurse,10,3,Casualty E,NeedleDecomp,3.0,8.0
325,a7a2bb9e,Nurse,10,4,Casualty D,Medications,9.0,7.0
326,a7a2bb9e,Nurse,10,5,Casualty F,Medications,7.0,9.0
327,a7a2bb9e,Nurse,10,6,Casualty D,Medications,1.0,4.0
328,b511c623,Physician,3,0,Casualty E,Airway,8.0,8.0
329,b511c623,Physician,3,1,Casualty D,SalineLock,3.0,8.0
330,b7584064,Physician,2,0,Casualty E,HemorrhageControl,3.0,8.0
331,b7584064,Physician,2,1,Casualty E,ChestSeal,2.0,7.0
332,b7584064,Physician,2,2,Casualty D,Airway,3.0,7.0
333,b7584064,Physician,2,3,Casualty E,Medications,1.0,5.0
334,b7584064,Physician,2,4,Casualty A,HemorrhageControl,0.0,3.0
335,b7584064,Physician,2,5,Casualty A,SalineLock,0.0,8.0
336,b7584064,Physician,2,6,Casualty A,BloodProducts,2.0,6.0
337,b7584064,Physician,2,7,Casualty A,HemorrhageControl,8.0,9.0
338,b7584064,Physician,2,8,Casualty B,Medications,5.0,6.0
339,b7584064,Physician,2,9,Casualty A,ChestSeal,9.0,8.0
340,b7584064,Physician,2,10,Casualty D,Medications,6.0,8.0
341,b9c79317,Non-medical,0,0,Casualty A,Medications,8.0,7.0
342,b9c79317,Non-medical,0,1,Casualty A,NeedleDecomp,2.0,5.0
343,b9c79317,Non-medical,0,2,Casualty B,SalineLock,9.0,7.0
344,fea252e3,Non-medical,0,0,Casualty E,IvFluids,1.0,8.0
345,fea252e3,Non-medical,0,1,Casualty E,HemorrhageControl,8.0,4.0
346,fea252e3,Non-medical,0,2,Casualty E,HemorrhageControl,3.0,3.0
347,fea252e3,Non-medical,0,3,Casualty A,HemorrhageControl,7.0,8.0
348,fea252e3,Non-medical,0,4,Casualty E,Airway,1.0,7.0
349,29328748,Nurse,0,0,Casualty E,ChestSeal,7.0,3.0
350,29328748,Nurse,0,1,Casualty D,SalineLock,8.0,8.0
351,29328748,Nurse,0,2,Casualty E,Medications,0.0,5.0
352,3421fbe8,Physician,4,0,Casualty E,ChestSeal,8.0,6.0
353,3421fbe8,Physician,4,1,Casualty B,Medications,2.0,3.0
354,3421fbe8,Physician,4,2,Casualty E,ChestSeal,3.0,6.0
355,3421fbe8,Physician,4,3,Casualty E,SalineLock,0.0,3.0
356,3421fbe8,Physician,4,4,Casualty D,SalineLock,4.0,5.0
357,3421fbe8,Physician,4,5,Casualty A,NeedleDecomp,9.0,8.0
358,3421fbe8,Physician,4,6,Casualty B,TranexamicAcid,9.0,8.0
359,389bfb7d,Nurse,13,0,Casualty B,Medications,1.0,7.0
360,389bfb7d,Nurse,13,1,Casualty A,ChestSeal,7.0,7.0
361,389bfb7d,Nurse,13,2,Casualty B,SalineLock,0.0,7.0
362,389bfb7d,Nurse,13,3,Casualty E,IntraossDevice,7.0,5.0
363,389bfb7d,Nurse,13,4,Casualty F,IvFluids,6.0,7.0
364,389bfb7d,Nurse,13,5,Casualty F,SalineLock,3.0,5.0
365,389bfb7d,Nurse,13,6,Casualty D,HemorrhageControl,3.0,7.0
366,6517703f,Physician,5,0,Casualty E,BloodProducts,1.0,7.0
367,6517703f,Physician,5,1,Casualty A,Medications,9.0,5.0
368,6517703f,Physician,5,2,Casualty D,Medications,3.0,8.0
369,6517703f,Physician,5,3,Casualty E,Medications,8.0,7.0
370,6517703f,Physician,5,4,Casualty B,IvFluids,6.0,8.0
371,6f23317c,EMT,5,0,Casualty F,HemorrhageControl,9.0,8.0
372,6f23317c,EMT,5,1,Casualty A,Medications,8.0,7.0
373,6f23317c,EMT,5,2,Casualty B,Medications,8.0,7.0
374,6f23317c,EMT,5,3,Casualty F,SalineLock,5.0,8.0
375,6f23317c,EMT,5,4,Casualty E,HemorrhageControl,8.0,7.0
376,7dfe5801,Non-medical,0,0,Casualty A,ChestSeal,6.0,5.0
377,7dfe5801,Non-medical,0,1,Casualty F,SalineLock,6.0,6.0
378,a4c5f6ab,Physician,17,0,Casualty A,Medications,4.0,7.0
379,a4c5f6ab,Physician,17,1,Casualty E,Medications,5.0,8.0
380,a4c5f6ab,Physician,17,2,Casualty F,TranexamicAcid,0.0,8.0
381,a4c5f6ab,Physician,17,3,Casualty F,HemorrhageControl,8.0,7.0
382,a4c5f6ab,Physician,17,4,Casualty F,SalineLock,6.0,7.0
383,a4c5f6ab,Physician,17,5,Casualty A,SalineLock,0.0,4.0
384,a4c5f6ab,Physician,17,6,Casualty E,Airway,4.0,3.0
385,a4c5f6ab,Physician,17,7,Casualty D,ChestSeal,8.0,7.0
386,ba2e80c6,Nurse,3,0,Casualty F,SalineLock,2.0,7.0
387,ba2e80c6,Nurse,3,1,Casualty E,IvFluids,3.0,7.0
388,ba2e80c6,Nurse,3,2,Casualty E,Medications,7.0,3.0
389,bbf75a89,Non-medical,0,0,Casualty B,SalineLock,1.0,7.0
390,bbf75a89,Non-medical,0,1,Casualty E,Airway,4.0,7.0
391,bbf75a89,Non-medical,0,2,Casualty E,HemorrhageControl,3.0,8.0
392,bbf75a89,Non-medical,0,3,Casualty E,Medications,5.0,9.0
393,bbf75a89,Non-medical,0,4,Casualty E,Airway,1.0,6.0
394,bbf75a89,Non-medical,0,5,Casualty E,HemorrhageControl,0.0,4.0
395,c3086dad,Paramedic,11,0,Casualty F,SalineLock,2.0,5.0
396,c3086dad,Paramedic,11,1,Casualty F,Medications,7.0,7.0
397,c3086dad,Paramedic,11,2,Casualty A,IntraossDevice,9.0,9.0
398,c3086dad,Paramedic,11,3,Casualty B,TranexamicAcid,4.0,7.0
399,c3086dad,Paramedic,11,4,Casualty A,Medications,2.0,4.0
400,e3f1e73c,EMT,0,0,Casualty D,Airway,6.0,8.0
401,e3f1e73c,EMT,0,1,Casualty B,Airway,0.0,8.0
402,e3f1e73c,EMT,0,2,Casualty E,Airway,0.0,4.0
403,e3f1e73c,EMT,0,3,Casualty F,IvFluids,1.0,5.0
404,e3f1e73c,EMT,0,4,Casualty A,Medications,1.0,9.0
405,f865977e,Nurse Practitioner,2,0,Casualty B,SalineLock,3.0,7.0
406,f865977e,Nurse Practitioner,2,1,Casualty A,SalineLock,0.0,5.0
407,f865977e,Nurse Practitioner,2,2,Casualty A,SalineLock,2.0,7.0
408,f93ddac3,EMT,25,0,Casualty F,Medications,6.0,9.0
409,f93ddac3,EMT,25,1,Casualty A,IvFluids,0.0,7.0
410,f93ddac3,EMT,25,2,Casualty E,HemorrhageControl,4.0,7.0
411,fe5af5c0,Paramedic,4,0,Casualty A,HemorrhageControl,2.0,9.0
412,fe5af5c0,Paramedic,4,1,Casualty E,SalineLock,6.0,7.0
413,fe5af5c0,Paramedic,4,2,Casualty F,IvFluids,4.0,7.0
414,fe5af5c0,Paramedic,4,3,Casualty A,Medications,0.0,5.0
415,fe5af5c0,Paramedic,4,4,Casualty A,Airway,4.0,8.0
416,fe5af5c0,Paramedic,4,5,Casualty B,Medications,4.0,7.0
417,fe5af5c0,Paramedic,4,6,Casualty E,IvFluids,3.0,5.0
418,fe5af5c0,Paramedic,4,7,Casualty D,HemorrhageControl,7.0,7.0
419,fe5af5c0,Paramedic,4,8,Casualty E,Medications,4.0,7.0
420,29ce73a0,Physician,18,0,Casualty A,Medications,3.0,7.0
421,29ce73a0,Physician,18,1,Casualty D,Medications,7.0,6.0
422,29ce73a0,Physician,18,2,Casualty E,NeedleDecomp,6.0,7.0
423,29ce73a0,Physician,18,3,Casualty E,IntraossDevice,9.0,5.0
424,29ce73a0,Physician,18,4,Casualty D,HemorrhageControl,3.0,7.0
425,29ce73a0,Physician,18,5,Casualty A,SalineLock,0.0,8.0
426,2ba207fb,Physician,6,0,Casualty F,HemorrhageControl,5.0,6.0
427,2ba207fb,Physician,6,1,Casualty F,Medications,8.0,8.0
428,2ba207fb,Physician,6,2,Casualty A,Airway,1.0,8.0
429,2ba207fb,Physician,6,3,Casualty F,HemorrhageControl,2.0,3.0
430,2ba207fb,Physician,6,4,Casualty F,HemorrhageControl,3.0,9.0
431,2ba207fb,Physician,6,5,Casualty E,SalineLock,0.0,8.0
432,2ba207fb,Physician,6,6,Casualty A,IvFluids,9.0,4.0
433,2ba207fb,Physician,6,7,Casualty D,HemorrhageControl,9.0,5.0
434,2ba207fb,Physician,6,8,Casualty B,HemorrhageControl,1.0,7.0
435,2ba207fb,Physician,6,9,Casualty D,SalineLock,8.0,8.0
436,2ba207fb,Physician,6,10,Casualty A,HemorrhageControl,6.0,5.0
437,2d7a9b54,EMT,0,0,Casualty E,Medications,2.0,3.0
438,2d7a9b54,EMT,0,1,Casualty A,Medications,2.0,7.0
439,2d7a9b54,EMT,0,2,Casualty F,IvFluids,2.0,7.0
440,2d7a9b54,EMT,0,3,Casualty A,Airway,9.0,7.0
441,2d7a9b54,EMT,0,4,Casualty F,IvFluids,3.0,7.0
442,2d7a9b54,EMT,0,5,Casualty D,IntraossDevice,4.0,9.0
443,4396b409,Non-medical,0,0,Casualty E,TranexamicAcid,9.0,6.0
444,4396b409,Non-medical,0,1,Casualty E,HemorrhageControl,2.0,6.0
445,4396b409,Non-medical,0,2,Casualty F,Airway,7.0,3.0
446,4396b409,Non-medical,0,3,Casualty F,Airway,2.0,8.0
447,4396b409,Non-medical,0,4,Casualty D,SalineLock,3.0,4.0
448,51633cec,Paramedic,9,0,Casualty F,SalineLock,4.0,5.0
449,51633cec,Paramedic,9,1,Casualty A,HemorrhageControl,2.0,8.0
450,51633cec,Paramedic,9,2,Casualty F,HemorrhageControl,1.0,8.0
451,51633cec,Paramedic,9,3,Casualty E,NeedleDecomp,6.0,7.0
452,51633cec,Paramedic,9,4,Casualty F,IntraossDevice,8.0,7.0
453,52c487f7,Physician,9,0,Casualty B,Airway,1.0,7.0
454,52c487f7,Physician,9,1,Casualty D,Medications,3.0,5.0
455,52c487f7,Physician,9,2,Casualty F,HemorrhageControl,3.0,8.0
456,52c487f7,Physician,9,3,Casualty B,SalineLock,2.0,8.0
457,52c487f7,Physician,9,4,Casualty A,Airway,7.0,5.0
458,52c487f7,Physician,9,5,Casualty A,NeedleDecomp,1.0,7.0
459,52c487f7,Physician,9,6,Casualty E,SalineLock,6.0,7.0
460,52c487f7,Physician,9,7,Casualty D,SalineLock,3.0,7.0
461,5cce6659,Physician,11,0,Casualty A,SalineLock,2.0,7.0
462,5cce6659,Physician,11,1,Casualty E,NeedleDecomp,6.0,4.0
463,5cce6659,Physician,11,2,Casualty F,IvFluids,2.0,7.0
464,5cce6659,Physician,11,3,Casualty B,HemorrhageControl,3.0,3.0
465,5cce6659,Physician,11,4,Casualty D,HemorrhageControl,4.0,4.0
466,5cce6659,Physician,11,5,Casualty A,IntraossDevice,2.0,4.0
467,607df08d,Non-medical,0,0,Casualty E,Medications,0.0,4.0
468,607df08d,Non-medical,0,1,Casualty D,SalineLock,2.0,4.0
469,607df08d,Non-medical,0,2,Casualty F,Medications,4.0,7.0
470,607df08d,Non-medical,0,3,Casualty A,SalineLock,6.0,8.0
471,71853fd7,Physician,1,0,Casualty A,Airway,8.0,9.0
472,71853fd7,Physician,1,1,Casualty E,SalineLock,8.0,7.0
473,71853fd7,Physician,1,2,Casualty F,IntraossDevice,2.0,5.0
474,71853fd7,Physician,1,3,Casualty F,HemorrhageControl,1.0,8.0
475,71853fd7,Physician,1,4,Casualty A,Medications,1.0,7.0
476,71853fd7,Physician,1,5,Casualty B,SalineLock,7.0,8.0
477,8ce22aa5,Non-medical,0,0,Casualty F,IvFluids,9.0,5.0
478,8ce22aa5,Non-medical,0,1,Casualty A,HemorrhageControl,7.0,7.0
479,913f75a8,Paramedic,23,0,Casualty F,SalineLock,4.0,8.0
480,913f75a8,Paramedic,23,1,Casualty E,HemorrhageControl,1.0,7.0
481,913f75a8,Paramedic,23,2,Casualty A,Airway,3.0,7.0
482,913f75a8,Paramedic,23,3,Casualty E,HemorrhageControl,3.0,5.0
483,913f75a8,Paramedic,23,4,Casualty A,HemorrhageControl,8.0,7.0
484,913f75a8,Paramedic,23,5,Casualty A,Airway,6.0,9.0
485,913f75a8,Paramedic,23,6,Casualty E,Airway,5.0,4.0
486,913f75a8,Paramedic,23,7,Casualty F,SalineLock,3.0,8.0
487,913f75a8,Paramedic,23,8,Casualty A,SalineLock,2.0,7.0
488,913f75a8,Paramedic,23,9,Casualty E,SalineLock,5.0,5.0
489,913f75a8,Paramedic,23,10,Casualty F,Medications,3.0,7.0
490,913f75a8,Paramedic,23,11,Casualty A,Medications,2.0,7.0
491,913f75a8,Paramedic,23,12,Casualty A,Medications,1.0,5.0
492,913f75a8,Paramedic,23,13,Casualty B,IvFluids,3.0,5.0
493,913f75a8,Paramedic,23,14,Casualty B,HemorrhageControl,6.0,8.0
494,913f75a8,Paramedic,23,15,Casualty A,HemorrhageControl,8.0,7.0
495,ea2d2a95,Physician,3,0,Casualty D,SalineLock,7.0,8.0
496,ea2d2a95,Physician,3,1,Casualty E,Airway,0.0,9.0
497,ea2d2a95,Physician,3,2,Casualty E,HemorrhageControl,6.0,8.0
498,ea2d2a95,Physician,3,3,Casualty E,HemorrhageControl,3.0,5.0
499,ea2d2a95,Physician,3,4,Casualty A,BloodProducts,1.0,7.0
500,ea2d2a95,Physician,3,5,Casualty A,NeedleDecomp,8.0,8.0
501,ea2d2a95,Physician,3,6,Casualty B,SalineLock,9.0,7.0
502,ea2d2a95,Physician,3,7,Casualty E,HemorrhageControl,8.0,8.0
503,ea2d2a95,Physician,3,8,Casualty E,SalineLock,1.0,7.0
504,ea2d2a95,Physician,3,9,Casualty F,SalineLock,1.0,7.0
505,ffb0cf1a,Non-medical,0,0,Casualty A,SalineLock,7.0,7.0
506,ffb0cf1a,Non-medical,0,1,Casualty D,SalineLock,8.0,9.0
507,ffb0cf1a,Non-medical,0,2,Casualty E,NeedleDecomp,2.0,4.0
508,ffb0cf1a,Non-medical,0,3,Casualty F,SalineLock,4.0,9.0
509,ffb0cf1a,Non-medical,0,4,Casualty E,Medications,9.0,8.0
510,00697652,Physician,18,0,Casualty A,IvFluids,9.0,6.0
511,07e5da1b,Non-medical,0,0,Casualty D,Airway,8.0,5.0
512,07e5da1b,Non-medical,0,1,Casualty A,Medications,6.0,3.0
513,07e5da1b,Non-medical,0,2,Casualty F,SalineLock,2.0,4.0
514,07e5da1b,Non-medical,0,3,Casualty E,BloodProducts,2.0,5.0
515,07e5da1b,Non-medical,0,4,Casualty E,Medications,0.0,7.0
516,07e5da1b,Non-medical,0,5,Casualty A,TranexamicAcid,2.0,8.0
517,07e5da1b,Non-medical,0,6,Casualty F,Airway,8.0,7.0
518,07e5da1b,Non-medical,0,7,Casualty B,SalineLock,7.0,7.0
519,07e5da1b,Non-medical,0,8,Casualty F,Medications,9.0,8.0
520,089b3bed,Paramedic,12,0,Casualty D,HemorrhageControl,1.0,8.0
521,089b3bed,Paramedic,12,1,Casualty F,SalineLock,7.0,5.0
522,089b3bed,Paramedic,12,2,Casualty E,HemorrhageControl,7.0,3.0
523,089b3bed,Paramedic,12,3,Casualty F,Airway,8.0,7.0
524,089b3bed,Paramedic,12,4,Casualty B,HemorrhageControl,1.0,3.0
525,089b3bed,Paramedic,12,5,Casualty A,NeedleDecomp,2.0,9.0
526,0e69e8d5,Non-medical,0,0,Casualty A,HemorrhageControl,2.0,7.0
527,0e69e8d5,Non-medical,0,1,Casualty E,Medications,3.0,5.0
528,0e69e8d5,Non-medical,0,2,Casualty E,HemorrhageControl,9.0,7.0
529,0e69e8d5,Non-medical,0,3,Casualty E,IvFluids,8.0,9.0
530,0e69e8d5,Non-medical,0,4,Casualty A,Medications,2.0,7.0
531,0e69e8d5,Non-medical,0,5,Casualty B,SalineLock,1.0,7.0
532,0e69e8d5,Non-medical,0,6,Casualty F,IvFluids,1.0,5.0
533,0e69e8d5,Non-medical,0,7,Casualty B,NeedleDecomp,3.0,5.0
534,0e69e8d5,Non-medical,0,8,Casualty B,Airway,9.0,8.0
535,0e69e8d5,Non-medical,0,9,Casualty F,SalineLock,0.0,4.0
536,3426df49,Physician,0,0,Casualty E,SalineLock,1.0,7.0
537,3426df49,Physician,0,1,Casualty F,BloodProducts,2.0,7.0
538,3426df49,Physician,0,2,Casualty A,NeedleDecomp,4.0,5.0
539,3426df49,Physician,0,3,Casualty D,HemorrhageControl,5.0,4.0
540,454ec778,Nurse Practitioner,1,0,Casualty E,SalineLock,7.0,6.0
541,454ec778,Nurse Practitioner,1,1,Casualty F,Medications,7.0,7.0
542,454ec778,Nurse Practitioner,1,2,Casualty E,IvFluids,4.0,5.0
543,454ec778,Nurse Practitioner,1,3,Casualty B,HemorrhageControl,9.0,9.0
544,454ec778,Nurse Practitioner,1,4,Casualty F,IntraossDevice,3.0,4.0
545,454ec778,Nurse Practitioner,1,5,Casualty F,SalineLock,8.0,4.0
546,454ec778,Nurse Practitioner,1,6,Casualty A,Medications,7.0,8.0
547,454ec778,Nurse Practitioner,1,7,Casualty B,HemorrhageControl,6.0,9.0
548,5e9464f5,Physician,11,0,Casualty B,Medications,1.0,8.0
549,5e9464f5,Physician,11,1,Casualty E,Medications,4.0,7.0
550,5e9464f5,Physician,11,2,Casualty A,Medications,9.0,9.0
551,5e9464f5,Physician,11,3,Casualty B,SalineLock,5.0,7.0
552,5e9464f5,Physician,11,4,Casualty A,SalineLock,0.0,7.0
553,5e9464f5,Physician,11,5,Casualty F,Medications,4.0,7.0
554,6e2291a7,Physician,11,0,Casualty B,NeedleDecomp,7.0,8.0
555,7923c41a,Nurse,17,0,Casualty E,HemorrhageControl,3.0,8.0
556,7923c41a,Nurse,17,1,Casualty F,TranexamicAcid,1.0,5.0
557,7923c41a,Nurse,17,2,Casualty B,Medications,7.0,5.0
558,7923c41a,Nurse,17,3,Casualty E,Medications,7.0,5.0
559,7923c41a,Nurse,17,4,Casualty D,Medications,4.0,7.0
560,7923c41a,Nurse,17,5,Casualty E,HemorrhageControl,9.0,8.0
561,7923c41a,Nurse,17,6,Casualty A,TranexamicAcid,3.0,7.0
562,995bf425,Nurse,15,0,Casualty D,HemorrhageControl,1.0,7.0
563,9a388a11,Non-medical,0,0,Casualty E,HemorrhageControl,3.0,7.0
564,9a388a11,Non-medical,0,1,Casualty F,Medications,1.0,5.0
565,9a388a11,Non-medical,0,2,Casualty F,HemorrhageControl,2.0,7.0
566,9a388a11,Non-medical,0,3,Casualty B,Airway,3.0,8.0
567,9a388a11,Non-medical,0,4,Casualty E,SalineLock,3.0,3.0
568,9a388a11,Non-medical,0,5,Casualty E,SalineLock,2.0,4.0
569,9a388a11,Non-medical,0,6,Casualty A,ChestSeal,5.0,5.0
570,9a388a11,Non-medical,0,7,Casualty E,ChestSeal,1.0,8.0
571,b334631b,Paramedic,0,0,Casualty E,NeedleDecomp,3.0,7.0
572,b334631b,Paramedic,0,1,Casualty A,ChestSeal,3.0,9.0
573,b334631b,Paramedic,0,2,Casualty F,BloodProducts,1.0,6.0
574,b334631b,Paramedic,0,3,Casualty A,IvFluids,1.0,6.0
575,b334631b,Paramedic,0,4,Casualty E,TranexamicAcid,2.0,7.0
576,b334631b,Paramedic,0,5,Casualty A,HemorrhageControl,3.0,3.0
577,b334631b,Paramedic,0,6,Casualty E,SalineLock,8.0,7.0
578,b334631b,Paramedic,0,7,Casualty A,IntraossDevice,0.0,3.0
579,c466a904,Non-medical,0,0,Casualty F,SalineLock,8.0,5.0
580,c466a904,Non-medical,0,1,Casualty B,TranexamicAcid,1.0,9.0
581,c466a904,Non-medical,0,2,Casualty A,Medications,4.0,6.0
582,e7e896f6,Non-medical,0,0,Casualty E,HemorrhageControl,2.0,3.0
583,e7e896f6,Non-medical,0,1,Casualty B,SalineLock,4.0,7.0
584,e7e896f6,Non-medical,0,2,Casualty A,SalineLock,4.0,7.0
585,e7e896f6,Non-medical,0,3,Casualty A,SalineLock,4.0,5.0
586,e7e896f6,Non-medical,0,4,Casualty F,IvFluids,1.0,5.0
587,e7e896f6,Non-medical,0,5,Casualty F,IvFluids,6.0,8.0
588,e7e896f6,Non-medical,0,6,Casualty F,IvFluids,4.0,7.0
589,e7e896f6,Non-medical,0,7,Casualty A,Medications,1.0,7.0
590,e7e896f6,Non-medical,0,8,Casualty A,SalineLock,0.0,7.0
591,e7e896f6,Non-medical,0,9,Casualty E,Medications,8.0,7.0
592,e7e896f6,Non-medical,0,10,Casualty F,Medications,5.0,6.0
593,e7e896f6,Non-medical,0,11,Casualty D,SalineLock,7.0,7.0
594,e7e896f6,Non-medical,0,12,Casualty F,SalineLock,7.0,8.0
595,e81a69e6,Non-medical,0,0,Casualty E,Airway,7.0,7.0
596,e81a69e6,Non-medical,0,1,Casualty E,Airway,0.0,5.0
597,e81a69e6,Non-medical,0,2,Casualty B,Medications,3.0,6.0
598,e81a69e6,Non-medical,0,3,Casualty A,Airway,4.0,7.0
599,1385332f,EMT,8,0,Casualty E,SalineLock,9.0,8.0
600,1385332f,EMT,8,1,Casualty F,SalineLock,7.0,7.0
601,1385332f,EMT,8,2,Casualty B,Medications,2.0,8.0
602,1385332f,EMT,8,3,Casualty A,HemorrhageControl,4.0,8.0
603,1385332f,EMT,8,4,Casualty F,SalineLock,0.0,7.0
604,1385332f,EMT,8,5,Casualty F,HemorrhageControl,9.0,3.0
605,1385332f,EMT,8,6,Casualty E,Medications,7.0,3.0
606,1385332f,EMT,8,7,Casualty A,IvFluids,2.0,5.0
607,199e6245,Physician,11,0,Casualty A,IntraossDevice,6.0,7.0
608,199e6245,Physician,11,1,Casualty F,SalineLock,4.0,7.0
609,199e6245,Physician,11,2,Casualty D,Medications,2.0,8.0
610,199e6245,Physician,11,3,Casualty B,Medications,8.0,9.0
611,1f5ce67b,Non-medical,0,0,Casualty F,Medications,3.0,8.0
612,1f5ce67b,Non-medical,0,1,Casualty D,Airway,2.0,7.0
613,1f5ce67b,Non-medical,0,2,Casualty F,HemorrhageControl,8.0,8.0
614,1f5ce67b,Non-medical,0,3,Casualty D,Medications,7.0,8.0
615,1f5ce67b,Non-medical,0,4,Casualty B,IntraossDevice,2.0,8.0
616,2a21f837,Physician,0,0,Casualty E,Airway,3.0,4.0
617,2a21f837,Physician,0,1,Casualty E,BloodProducts,3.0,4.0
618,2a21f837,Physician,0,2,Casualty E,HemorrhageControl,2.0,8.0
619,2a21f837,Physician,0,3,Casualty E,HemorrhageControl,8.0,7.0
620,2a9c4ae2,Paramedic,7,0,Casualty A,Medications,7.0,7.0
621,2a9c4ae2,Paramedic,7,1,Casualty B,IvFluids,2.0,8.0
622,2a9c4ae2,Paramedic,7,2,Casualty D,Airway,4.0,8.0
623,2a9c4ae2,Paramedic,7,3,Casualty E,HemorrhageControl,5.0,3.0
624,2a9c4ae2,Paramedic,7,4,Casualty E,HemorrhageControl,8.0,5.0
625,2a9c4ae2,Paramedic,7,5,Casualty F,Medications,3.0,7.0
626,2a9c4ae2,Paramedic,7,6,Casualty B,ChestSeal,7.0,8.0
627,2a9c4ae2,Paramedic,7,7,Casualty F,Medications,2.0,7.0
628,2a9c4ae2,Paramedic,7,8,Casualty D,HemorrhageControl,4.0,9.0
629,5dd9ba93,Physician,4,0,Casualty D,NeedleDecomp,1.0,7.0
630,5dd9ba93,Physician,4,1,Casualty F,SalineLock,3.0,7.0
631,5dd9ba93,Physician,4,2,Casualty B,NeedleDecomp,7.0,7.0
632,5dd9ba93,Physician,4,3,Casualty E,SalineLock,9.0,7.0
633,5dd9ba93,Physician,4,4,Casualty F,Airway,2.0,4.0
634,5dd9ba93,Physician,4,5,Casualty E,Medications,3.0,7.0
635,5dd9ba93,Physician,4,6,Casualty B,Medications,9.0,7.0
636,5dd9ba93,Physician,4,7,Casualty E,Airway,1.0,5.0
637,5dd9ba93,Physician,4,8,Casualty E,ChestSeal,3.0,7.0
638,5dd9ba93,Physician,4,9,Casualty A,HemorrhageControl,8.0,8.0
639,5dd9ba93,Physician,4,10,Casualty F,Medications,3.0,9.0
640,71513982,Physician,14,0,Casualty F,HemorrhageControl,5.0,7.0
641,71513982,Physician,14,1,Casualty E,Medications,8.0,9.0
642,71513982,Physician,14,2,Casualty A,Airway,3.0,5.0
643,71513982,Physician,14,3,Casualty F,Medications,4.0,8.0
644,722258f3,Paramedic,11,0,Casualty A,Medications,2.0,8.0
645,722258f3,Paramedic,11,1,Casualty E,HemorrhageControl,8.0,4.0
646,722258f3,Paramedic,11,2,Casualty D,IntraossDevice,7.0,7.0
647,722258f3,Paramedic,11,3,Casualty E,IntraossDevice,6.0,9.0
648,722258f3,Paramedic,11,4,Casualty E,Airway,2.0,9.0
649,722258f3,Paramedic,11,5,Casualty A,ChestSeal,3.0,7.0
650,722258f3,Paramedic,11,6,Casualty E,SalineLock,2.0,8.0
651,722258f3,Paramedic,11,7,Casualty F,IvFluids,6.0,3.0
652,722258f3,Paramedic,11,8,Casualty E,SalineLock,4.0,9.0
653,722258f3,Paramedic,11,9,Casualty F,Airway,0.0,7.0
654,722258f3,Paramedic,11,10,Casualty E,IvFluids,7.0,7.0
655,722258f3,Paramedic,11,11,Casualty F,HemorrhageControl,4.0,5.0
656,722258f3,Paramedic,11,12,Casualty E,HemorrhageControl,1.0,9.0
657,722258f3,Paramedic,11,13,Casualty B,SalineLock,1.0,5.0
658,9149baf0,Non-medical,0,0,Casualty F,TranexamicAcid,4.0,9.0
659,9149baf0,Non-medical,0,1,Casualty B,SalineLock,8.0,5.0
660,9149baf0,Non-medical,0,2,Casualty B,NeedleDecomp,7.0,8.0
661,9149baf0,Non-medical,0,3,Casualty A,IvFluids,3.0,7.0
662,9149baf0,Non-medical,0,4,Casualty D,Medications,9.0,7.0
663,9149baf0,Non-medical,0,5,Casualty A,HemorrhageControl,3.0,9.0
664,9149baf0,Non-medical,0,6,Casualty F,Medications,4.0,5.0
665,9149baf0,Non-medical,0,7,Casualty F,Medications,4.0,7.0
666,9149baf0,Non-medical,0,8,Casualty F,HemorrhageControl,3.0,8.0
667,9167b551,Non-medical,0,0,Casualty F,HemorrhageControl,2.0,5.0
668,9167b551,Non-medical,0,1,Casualty E,Medications,9.0,8.0
669,9167b551,Non-medical,0,2,Casualty E,NeedleDecomp,7.0,5.0
670,9167b551,Non-medical,0,3,Casualty B,IntraossDevice,7.0,5.0
671,9167b551,Non-medical,0,4,Casualty E,SalineLock,0.0,3.0
672,9167b551,Non-medical,0,5,Casualty A,Airway,2.0,7.0
673,9167b551,Non-medical,0,6,Casualty A,IvFluids,7.0,3.0
674,9167b551,Non-medical,0,7,Casualty E,HemorrhageControl,2.0,7.0
675,9167b551,Non-medical,0,8,Casualty E,SalineLock,7.0,9.0
676,9167b551,Non-medical,0,9,Casualty E,ChestSeal,2.0,7.0
677,c0c91f06,Physician,12,0,Casualty B,IvFluids,9.0,7.0
678,c0c91f06,Physician,12,1,Casualty D,Airway,7.0,8.0
679,d70179a4,Non-medical,0,0,Casualty A,Medications,2.0,9.0
680,d70179a4,Non-medical,0,1,Casualty E,Medications,8.0,8.0
681,d70179a4,Non-medical,0,2,Casualty A,Medications,7.0,6.0
682,d70179a4,Non-medical,0,3,Casualty B,NeedleDecomp,3.0,3.0
683,d70179a4,Non-medical,0,4,Casualty E,IntraossDevice,9.0,7.0
684,d70179a4,Non-medical,0,5,Casualty E,TranexamicAcid,4.0,7.0
685,e3709f99,Non-medical,0,0,Casualty B,Airway,1.0,6.0
686,e3709f99,Non-medical,0,1,Casualty F,IvFluids,8.0,7.0
687,e3709f99,Non-medical,0,2,Casualty D,HemorrhageControl,8.0,7.0
688,e3709f99,Non-medical,0,3,Casualty F,Medications,0.0,8.0
689,e3709f99,Non-medical,0,4,Casualty A,HemorrhageControl,2.0,5.0
690,e3709f99,Non-medical,0,5,Casualty B,Medications,2.0,3.0
691,e3709f99,Non-medical,0,6,Casualty E,Airway,5.0,8.0
692,1e5dbc36,Nurse,3,0,Casualty A,TranexamicAcid,7.0,8.0
693,1e5dbc36,Nurse,3,1,Casualty E,Medications,3.0,7.0
694,348b65ac,Physician,4,0,Casualty B,SalineLock,3.0,7.0
695,348b65ac,Physician,4,1,Casualty F,Medications,6.0,3.0
696,348b65ac,Physician,4,2,Casualty E,IvFluids,0.0,6.0
697,348b65ac,Physician,4,3,Casualty F,HemorrhageControl,4.0,7.0
698,348b65ac,Physician,4,4,Casualty E,Medications,5.0,8.0
699,348b65ac,Physician,4,5,Casualty E,Medications,7.0,7.0
700,348b65ac,Physician,4,6,Casualty E,Airway,9.0,8.0
701,348b65ac,Physician,4,7,Casualty F,SalineLock,8.0,4.0
702,348b65ac,Physician,4,8,Casualty A,SalineLock,9.0,9.0
703,348b65ac,Physician,4,9,Casualty E,SalineLock,4.0,7.0
704,348b65ac,Physician,4,10,Casualty B,SalineLock,9.0,6.0
705,528217b1,Physician,1,0,Casualty E,TranexamicAcid,4.0,4.0
706,528217b1,Physician,1,1,Casualty A,Airway,8.0,8.0
707,528217b1,Physician,1,2,Casualty E,IvFluids,3.0,8.0
708,528217b1,Physician,1,3,Casualty D,SalineLock,4.0,8.0
709,528217b1,Physician,1,4,Casualty B,SalineLock,6.0,5.0
710,528217b1,Physician,1,5,Casualty A,Airway,4.0,9.0
711,528217b1,Physician,1,6,Casualty B,HemorrhageControl,3.0,4.0
712,528217b1,Physician,1,7,Casualty A,SalineLock,2.0,9.0
713,528217b1,Physician,1,8,Casualty E,Airway,7.0,8.0
714,528217b1,Physician,1,9,Casualty F,HemorrhageControl,2.0,4.0
715,75191254,Non-medical,0,0,Casualty B,Airway,7.0,9.0
716,75191254,Non-medical,0,1,Casualty E,SalineLock,5.0,7.0
717,75191254,Non-medical,0,2,Casualty A,SalineLock,3.0,7.0
718,75191254,Non-medical,0,3,Casualty D,HemorrhageControl,0.0,5.0
719,75191254,Non-medical,0,4,Casualty A,SalineLock,6.0,4.0
720,75191254,Non-medical,0,5,Casualty A,SalineLock,4.0,5.0
721,75191254,Non-medical,0,6,Casualty A,ChestSeal,1.0,5.0
722,75191254,Non-medical,0,7,Casualty F,TranexamicAcid,4.0,5.0
723,75191254,Non-medical,0,8,Casualty F,TranexamicAcid,1.0,7.0
724,75191254,Non-medical,0,9,Casualty E,Medications,5.0,5.0
725,7fa51e53,Physician,15,0,Casualty F,HemorrhageControl,5.0,3.0
726,7fa51e53,Physician,15,1,Casualty E,SalineLock,0.0,8.0
727,7fa51e53,Physician,15,2,Casualty F,SalineLock,6.0,5.0
728,7fa51e53,Physician,15,3,Casualty A,SalineLock,7.0,8.0
729,a7e9bc7c,EMT,1,0,Casualty E,HemorrhageControl,5.0,6.0
730,a7e9bc7c,EMT,1,1,Casualty E,Medications,6.0,4.0
731,a7e9bc7c,EMT,1,2,Casualty F,HemorrhageControl,8.0,7.0
732,a7e9bc7c,EMT,1,3,Casualty E,Airway,1.0,9.0
733,a7e9bc7c,EMT,1,4,Casualty A,HemorrhageControl,4.0,5.0
734,a7e9bc7c,EMT,1,5,Casualty F,HemorrhageControl,7.0,4.0
735,b3c58b4f,Physician,11,0,Casualty E,ChestSeal,6.0,7.0
736,b3c58b4f,Physician,11,1,Casualty E,IvFluids,9.0,9.0
737,b662cc1b,EMT,11,0,Casualty D,HemorrhageControl,1.0,8.0
738,b662cc1b,EMT,11,1,Casualty E,Airway,2.0,7.0
739,b662cc1b,EMT,11,2,Casualty B,Medications,0.0,8.0
740,b662cc1b,EMT,11,3,Casualty A,Medications,6.0,7.0
741,b662cc1b,EMT,11,4,Casualty F,SalineLock,9.0,4.0
742,bb97ec0e,Physician,5,0,Casualty A,BloodProducts,4.0,9.0
743,bb97ec0e,Physician,5,1,Casualty F,Airway,9.0,8.0
744,bb97ec0e,Physician,5,2,Casualty B,SalineLock,0.0,4.0
745,bb97ec0e,Physician,5,3,Casualty B,Medications,4.0,4.0
746,bb97ec0e,Physician,5,4,Casualty B,Medications,7.0,8.0
747,bb97ec0e,Physician,5,5,Casualty A,Medications,3.0,8.0
748,bb97ec0e,Physician,5,6,Casualty E,Medications,5.0,8.0
749,bb97ec0e,Physician,5,7,Casualty F,SalineLock,5.0,7.0
750,c39e60ed,Physician,12,0,Casualty B,HemorrhageControl,1.0,5.0
751,c39e60ed,Physician,12,1,Casualty B,SalineLock,0.0,7.0
752,c39e60ed,Physician,12,2,Casualty E,Medications,7.0,4.0
753,c39e60ed,Physician,12,3,Casualty F,IntraossDevice,3.0,7.0
754,c39e60ed,Physician,12,4,Casualty D,SalineLock,9.0,5.0
755,c39e60ed,Physician,12,5,Casualty E,Medications,1.0,7.0
756,c39e60ed,Physician,12,6,Casualty D,Medications,7.0,8.0
757,cc942f04,Physician,1,0,Casualty F,HemorrhageControl,1.0,7.0
758,cc942f04,Physician,1,1,Casualty D,HemorrhageControl,5.0,7.0
759,cc942f04,Physician,1,2,Casualty D,SalineLock,3.0,5.0
760,d6224be0,Physician,2,0,Casualty E,SalineLock,7.0,7.0
761,d6224be0,Physician,2,1,Casualty A,ChestSeal,1.0,4.0
762,d6224be0,Physician,2,2,Casualty E,IvFluids,4.0,8.0
763,d6224be0,Physician,2,3,Casualty E,ChestSeal,2.0,3.0
764,d73e45f5,Physician,1,0,Casualty F,HemorrhageControl,4.0,9.0
765,d73e45f5,Physician,1,1,Casualty B,Medications,2.0,7.0
766,e789915a,Nurse,14,0,Casualty F,Airway,1.0,8.0
767,e789915a,Nurse,14,1,Casualty B,ChestSeal,5.0,7.0
768,e789915a,Nurse,14,2,Casualty A,NeedleDecomp,8.0,6.0
769,e789915a,Nurse,14,3,Casualty B,IntraossDevice,7.0,3.0
770,e789915a,Nurse,14,4,Casualty A,Medications,9.0,8.0
771,ff7a91a3,Physician,2,0,Casualty A,Medications,6.0,3.0
772,ff7a91a3,Physician,2,1,Casualty B,HemorrhageControl,3.0,7.0
773,ff7a91a3,Physician,2,2,Casualty A,ChestSeal,4.0,8.0
774,ff7a91a3,Physician,2,3,Casualty E,Medications,4.0,7.0
775,ff7a91a3,Physician,2,4,Casualty B,Airway,6.0,7.0
776,ff7a91a3,Physician,2,5,Casualty D,HemorrhageControl,8.0,7.0
777,ff7a91a3,Physician,2,6,Casualty B,Medications,1.0,6.0
778,ff7a91a3,Physician,2,7,Casualty E,Medications,1.0,5.0
779,ff7a91a3,Physician,2,8,Casualty E,SalineLock,8.0,7.0
780,ff7a91a3,Physician,2,9,Casualty B,HemorrhageControl,9.0,7.0
781,ff7a91a3,Physician,2,10,Casualty F,TranexamicAcid,4.0,5.0
782,16cb429f,Physician,4,0,Casualty A,HemorrhageControl,2.0,4.0
783,16cb429f,Physician,4,1,Casualty E,Medications,0.0,4.0
784,16cb429f,Physician,4,2,Casualty A,Airway,9.0,3.0
785,16cb429f,Physician,4,3,Casualty E,Medications,5.0,7.0
786,16cb429f,Physician,4,4,Casualty D,TranexamicAcid,2.0,5.0
787,16cb429f,Physician,4,5,Casualty F,Airway,1.0,7.0
788,16cb429f,Physician,4,6,Casualty E,SalineLock,4.0,3.0
789,16cb429f,Physician,4,7,Casualty E,Medications,9.0,7.0
790,16cb429f,Physician,4,8,Casualty B,NeedleDecomp,8.0,8.0
791,16cb429f,Physician,4,9,Casualty B,Medications,7.0,8.0
792,16cb429f,Physician,4,10,Casualty E,ChestSeal,3.0,7.0
793,37f5f812,EMT,15,0,Casualty E,HemorrhageControl,1.0,8.0
794,37f5f812,EMT,15,1,Casualty A,TranexamicAcid,9.0,9.0
795,37f5f812,EMT,15,2,Casualty D,Medications,0.0,7.0
796,37f5f812,EMT,15,3,Casualty B,Airway,9.0,5.0
797,37f5f812,EMT,15,4,Casualty B,Airway,8.0,8.0
798,37f5f812,EMT,15,5,Casualty A,SalineLock,7.0,8.0
799,37f5f812,EMT,15,6,Casualty F,Airway,2.0,7.0
800,37f5f812,EMT,15,7,Casualty B,Airway,1.0,7.0
801,37f5f812,EMT,15,8,Casualty E,Medications,3.0,9.0
802,37f5f812,EMT,15,9,Casualty F,Medications,4.0,5.0
803,3fbab6cd,Nurse Practitioner,12,0,Casualty F,HemorrhageControl,6.0,4.0
804,3fbab6cd,Nurse Practitioner,12,1,Casualty E,ChestSeal,1.0,8.0
805,3fbab6cd,Nurse Practitioner,12,2,Casualty F,Airway,1.0,5.0
806,3fbab6cd,Nurse Practitioner,12,3,Casualty E,ChestSeal,5.0,8.0
807,3fbab6cd,Nurse Practitioner,12,4,Casualty F,SalineLock,8.0,9.0
808,3fbab6cd,Nurse Practitioner,12,5,Casualty D,Medications,2.0,8.0
809,3fbab6cd,Nurse Practitioner,12,6,Casualty E,SalineLock,8.0,4.0
810,3fbab6cd,Nurse Practitioner,12,7,Casualty F,Medications,1.0,9.0
811,3fbab6cd,Nurse Practitioner,12,8,Casualty B,NeedleDecomp,7.0,8.0
812,3fbab6cd,Nurse Practitioner,12,9,Casualty F,SalineLock,9.0,7.0
813,3fbab6cd,Nurse Practitioner,12,10,Casualty D,HemorrhageControl,6.0,5.0
814,3fbab6cd,Nurse Practitioner,12,11,Casualty A,SalineLock,0.0,7.0
815,3fbab6cd,Nurse Practitioner,12,12,Casualty A,Airway,3.0,9.0
816,3fbab6cd,Nurse Practitioner,12,13,Casualty F,Medications,2.0,9.0
817,3fbab6cd,Nurse Practitioner,12,14,Casualty E,Airway,8.0,8.0
818,692c2b6d,Physician,14,0,Casualty E,HemorrhageControl,8.0,7.0
819,692c2b6d,Physician,14,1,Casualty E,HemorrhageControl,2.0,7.0
820,692c2b6d,Physician,14,2,Casualty B,Medications,3.0,7.0
821,692c2b6d,Physician,14,3,Casualty E,IvFluids,2.0,6.0
822,692c2b6d,Physician,14,4,Casualty E,Medications,1.0,8.0
823,692c2b6d,Physician,14,5,Casualty F,SalineLock,7.0,7.0
824,692c2b6d,Physician,14,6,Casualty B,SalineLock,5.0,5.0
825,692c2b6d,Physician,14,7,Casualty D,HemorrhageControl,6.0,7.0
826,692c2b6d,Physician,14,8,Casualty F,HemorrhageControl,6.0,5.0
827,692c2b6d,Physician,14,9,Casualty F,Airway,3.0,9.0
828,692c2b6d,Physician,14,10,Casualty D,Airway,8.0,7.0
829,692c2b6d,Physician,14,11,Casualty F,HemorrhageControl,2.0,8.0
830,692c2b6d,Physician,14,12,Casualty A,BloodProducts,0.0,7.0
831,692c2b6d,Physician,14,13,Casualty B,Airway,9.0,7.0
832,692c2b6d,Physician,14,14,Casualty A,Airway,1.0,8.0
833,7573fcb2,Non-medical,0,0,Casualty D,HemorrhageControl,9.0,8.0
834,7573fcb2,Non-medical,0,1,Casualty F,HemorrhageControl,9.0,6.0
835,7573fcb2,Non-medical,0,2,Casualty F,TranexamicAcid,7.0,8.0
836,7573fcb2,Non-medical,0,3,Casualty A,ChestSeal,8.0,7.0
837,7573fcb2,Non-medical,0,4,Casualty B,IvFluids,5.0,7.0
838,7573fcb2,Non-medical,0,5,Casualty D,HemorrhageControl,1.0,8.0
839,86616d33,Physician,2,0,Casualty E,HemorrhageControl,0.0,8.0
840,86616d33,Physician,2,1,Casualty E,ChestSeal,4.0,7.0
841,86616d33,Physician,2,2,Casualty A,Medications,0.0,5.0
842,86616d33,Physician,2,3,Casualty D,Medications,8.0,9.0
843,86616d33,Physician,2,4,Casualty B,Airway,3.0,7.0
844,86616d33,Physician,2,5,Casualty A,Medications,3.0,9.0
845,86616d33,Physician,2,6,Casualty B,ChestSeal,8.0,7.0
846,86616d33,Physician,2,7,Casualty A,Airway,7.0,7.0
847,86616d33,Physician,2,8,Casualty F,TranexamicAcid,2.0,4.0
848,956f60e4,Physician,25,0,Casualty A,NeedleDecomp,6.0,7.0
849,956f60e4,Physician,25,1,Casualty E,HemorrhageControl,4.0,7.0
850,956f60e4,Physician,25,2,Casualty E,ChestSeal,0.0,8.0
851,956f60e4,Physician,25,3,Casualty D,HemorrhageControl,9.0,9.0
852,956f60e4,Physician,25,4,Casualty F,BloodProducts,3.0,8.0
853,97192893,Physician,0,0,Casualty F,BloodProducts,4.0,5.0
854,97192893,Physician,0,1,Casualty E,Medications,9.0,5.0
855,97192893,Physician,0,2,Casualty E,HemorrhageControl,3.0,7.0
856,97192893,Physician,0,3,Casualty F,SalineLock,3.0,7.0
857,aa1c5bb9,EMT,11,0,Casualty F,Medications,8.0,6.0
858,aa1c5bb9,EMT,11,1,Casualty D,Airway,2.0,9.0
859,aa1c5bb9,EMT,11,2,Casualty A,IvFluids,2.0,7.0
860,aa1c5bb9,EMT,11,3,Casualty F,HemorrhageControl,1.0,7.0
861,aa1c5bb9,EMT,11,4,Casualty F,Medications,4.0,6.0
862,aa1c5bb9,EMT,11,5,Casualty E,Medications,2.0,6.0
863,c37d249e,Non-medical,0,0,Casualty E,HemorrhageControl,9.0,8.0
864,c37d249e,Non-medical,0,1,Casualty E,NeedleDecomp,1.0,7.0
865,c37d249e,Non-medical,0,2,Casualty D,Medications,2.0,8.0
866,c37d249e,Non-medical,0,3,Casualty A,HemorrhageControl,4.0,4.0
867,c37d249e,Non-medical,0,4,Casualty D,Medications,4.0,6.0
868,c37d249e,Non-medical,0,5,Casualty E,SalineLock,1.0,7.0
869,c37d249e,Non-medical,0,6,Casualty A,HemorrhageControl,9.0,8.0
870,c9dca40c,Physician,12,0,Casualty F,HemorrhageControl,2.0,5.0
871,c9dca40c,Physician,12,1,Casualty F,HemorrhageControl,0.0,8.0
872,c9dca40c,Physician,12,2,Casualty F,HemorrhageControl,5.0,9.0
873,e253427b,Physician,12,0,Casualty E,BloodProducts,3.0,8.0
874,ebeb4172,Physician,4,0,Casualty A,Airway,2.0,8.0
875,f0488f7a,EMT,1,0,Casualty F,Airway,9.0,5.0
876,002e0d87,Paramedic,5,0,Casualty B,Medications,3.0,6.0
877,002e0d87,Paramedic,5,1,Casualty D,Medications,2.0,5.0
878,002e0d87,Paramedic,5,2,Casualty E,Medications,3.0,8.0
879,002e0d87,Paramedic,5,3,Casualty A,IvFluids,6.0,7.0
880,002e0d87,Paramedic,5,4,Casualty A,SalineLock,7.0,8.0
881,002e0d87,Paramedic,5,5,Casualty F,Medications,2.0,7.0
882,002e0d87,Paramedic,5,6,Casualty E,TranexamicAcid,9.0,8.0
883,002e0d87,Paramedic,5,7,Casualty F,Medications,3.0,7.0
884,0bb2535c,Paramedic,0,0,Casualty B,Medications,5.0,5.0
885,0bb2535c,Paramedic,0,1,Casualty E,HemorrhageControl,4.0,7.0
886,0bb2535c,Paramedic,0,2,Casualty E,IntraossDevice,6.0,7.0
887,0bb2535c,Paramedic,0,3,Casualty E,Airway,9.0,8.0
888,0bb2535c,Paramedic,0,4,Casualty D,Airway,0.0,5.0
889,0bb2535c,Paramedic,0,5,Casualty B,NeedleDecomp,2.0,5.0
890,0bb2535c,Paramedic,0,6,Casualty A,Medications,8.0,8.0
891,0bb2535c,Paramedic,0,7,Casualty D,SalineLock,5.0,5.0
892,1bf6b796,Physician,25,0,Casualty B,Airway,6.0,7.0
893,1bf6b796,Physician,25,1,Casualty B,Airway,3.0,6.0
894,230fd572,Physician,15,0,Casualty F,Airway,8.0,5.0
895,230fd572,Physician,15,1,Casualty A,SalineLock,6.0,7.0
896,54062b9a,Physician,3,0,Casualty D,HemorrhageControl,3.0,8.0
897,54062b9a,Physician,3,1,Casualty E,HemorrhageControl,4.0,5.0
898,54062b9a,Physician,3,2,Casualty A,HemorrhageControl,2.0,5.0
899,54062b9a,Physician,3,3,Casualty D,HemorrhageControl,2.0,8.0
900,54062b9a,Physician,3,4,Casualty F,Medications,3.0,8.0
901,54062b9a,Physician,3,5,Casualty E,Medications,7.0,4.0
902,54062b9a,Physician,3,6,Casualty A,Medications,4.0,7.0
903,54062b9a,Physician,3,7,Casualty E,NeedleDecomp,2.0,6.0
904,54062b9a,Physician,3,8,Casualty D,SalineLock,8.0,9.0
905,54062b9a,Physician,3,9,Casualty E,HemorrhageControl,4.0,7.0
906,63f56037,Non-medical,0,0,Casualty E,Airway,5.0,6.0
907,64bd5b92,Non-medical,0,0,Casualty E,BloodProducts,9.0,7.0
908,64bd5b92,Non-medical,0,1,Casualty E,Airway,2.0,7.0
909,6c7fcf5a,Nurse,25,0,Casualty E,HemorrhageControl,3.0,7.0
910,6c7fcf5a,Nurse,25,1,Casualty E,HemorrhageControl,9.0,7.0
911,6c7fcf5a,Nurse,25,2,Casualty D,SalineLock,7.0,7.0
912,6c7fcf5a,Nurse,25,3,Casualty F,Airway,3.0,6.0
913,6c7fcf5a,Nurse,25,4,Casualty E,HemorrhageControl,8.0,8.0
914,6c7fcf5a,Nurse,25,5,Casualty E,HemorrhageControl,5.0,7.0
915,6c7fcf5a,Nurse,25,6,Casualty F,Medications,9.0,9.0
916,6c7fcf5a,Nurse,25,7,Casualty F,Medications,5.0,7.0
917,6c7fcf5a,Nurse,25,8,Casualty B,Medications,7.0,7.0
918,71d2408e,Paramedic,4,0,Casualty F,Airway,3.0,6.0
919,71d2408e,Paramedic,4,1,Casualty E,NeedleDecomp,2.0,5.0
920,71d2408e,Paramedic,4,2,Casualty F,HemorrhageControl,1.0,8.0
921,71d2408e,Paramedic,4,3,Casualty D,NeedleDecomp,6.0,5.0
922,71d2408e,Paramedic,4,4,Casualty D,IntraossDevice,5.0,7.0
923,71d2408e,Paramedic,4,5,Casualty A,SalineLock,7.0,6.0
924,71d2408e,Paramedic,4,6,Casualty A,HemorrhageControl,7.0,3.0
925,71d2408e,Paramedic,4,7,Casualty A,HemorrhageControl,4.0,7.0
926,9229cb89,Nurse,12,0,Casualty E,HemorrhageControl,3.0,4.0
927,9229cb89,Nurse,12,1,Casualty E,IvFluids,1.0,8.0
928,9229cb89,Nurse,12,2,Casualty A,SalineLock,7.0,8.0
929,9229cb89,Nurse,12,3,Casualty B,Medications,0.0,5.0
930,9229cb89,Nurse,12,4,Casualty B,Airway,9.0,3.0
931,9229cb89,Nurse,12,5,Casualty B,SalineLock,6.0,7.0
932,952b2afe,Non-medical,0,0,Casualty E,Medications,1.0,7.0
933,9629e920,Physician,13,0,Casualty F,TranexamicAcid,4.0,8.0
934,9629e920,Physician,13,1,Casualty F,Airway,2.0,4.0
935,9629e920,Physician,13,2,Casualty E,ChestSeal,2.0,4.0
936,9629e920,Physician,13,3,Casualty E,SalineLock,3.0,8.0
937,9629e920,Physician,13,4,Casualty F,SalineLock,1.0,9.0
938,9629e920,Physician,13,5,Casualty A,HemorrhageControl,2.0,8.0
939,9629e920,Physician,13,6,Casualty A,SalineLock,3.0,9.0
940,9629e920,Physician,13,7,Casualty E,Airway,3.0,6.0
941,9629e920,Physician,13,8,Casualty B,IvFluids,3.0,8.0
942,9629e920,Physician,13,9,Casualty B,Medications,4.0,7.0
943,9629e920,Physician,13,10,Casualty E,NeedleDecomp,7.0,8.0
944,9629e920,Physician,13,11,Casualty B,Medications,8.0,7.0
945,a39ff164,Nurse Practitioner,5,0,Casualty F,SalineLock,0.0,4.0
946,a39ff164,Nurse Practitioner,5,1,Casualty F,IntraossDevice,2.0,7.0
947,a39ff164,Nurse Practitioner,5,2,Casualty E,IntraossDevice,4.0,7.0
948,a39ff164,Nurse Practitioner,5,3,Casualty F,SalineLock,2.0,9.0
949,a39ff164,Nurse Practitioner,5,4,Casualty E,IvFluids,1.0,4.0
950,a39ff164,Nurse Practitioner,5,5,Casualty A,Medications,6.0,5.0
951,b57617d9,Physician,25,0,Casualty A,Airway,3.0,7.0
952,b57617d9,Physician,25,1,Casualty A,HemorrhageControl,1.0,8.0
953,b57617d9,Physician,25,2,Casualty A,NeedleDecomp,9.0,8.0
954,b57617d9,Physician,25,3,Casualty F,IntraossDevice,9.0,7.0
955,b57617d9,Physician,25,4,Casualty F,BloodProducts,9.0,4.0
956,b57617d9,Physician,25,5,Casualty E,ChestSeal,2.0,6.0
957,b57617d9,Physician,25,6,Casualty B,Airway,7.0,8.0
958,c639d081,Physician,5,0,Casualty E,Medications,2.0,4.0
959,c639d081,Physician,5,1,Casualty E,Airway,2.0,8.0
960,c639d081,Physician,5,2,Casualty A,HemorrhageControl,9.0,8.0
961,c639d081,Physician,5,3,Casualty E,SalineLock,2.0,5.0
962,c639d081,Physician,5,4,Casualty E,Medications,7.0,4.0
963,c639d081,Physician,5,5,Casualty F,SalineLock,5.0,7.0
964,c639d081,Physician,5,6,Casualty E,ChestSeal,2.0,8.0
965,c639d081,Physician,5,7,Casualty F,Airway,8.0,5.0
966,2410692f,EMT,9,0,Casualty E,NeedleDecomp,6.0,7.0
967,2410692f,EMT,9,1,Casualty A,BloodProducts,3.0,7.0
968,2410692f,EMT,9,2,Casualty A,IvFluids,3.0,4.0
969,2410692f,EMT,9,3,Casualty B,SalineLock,5.0,5.0
970,2410692f,EMT,9,4,Casualty D,HemorrhageControl,2.0,8.0
971,2410692f,EMT,9,5,Casualty A,Medications,8.0,7.0
972,2410692f,EMT,9,6,Casualty E,SalineLock,7.0,8.0
973,24451f8f,Non-medical,0,0,Casualty F,HemorrhageControl,5.0,4.0
974,24451f8f,Non-medical,0,1,Casualty F,Medications,0.0,9.0
975,24451f8f,Non-medical,0,2,Casualty B,IvFluids,3.0,7.0
976,35c7d078,Physician,13,0,Casualty E,BloodProducts,0.0,7.0
977,35c7d078,Physician,13,1,Casualty F,Medications,3.0,8.0
978,35c7d078,Physician,13,2,Casualty B,ChestSeal,1.0,7.0
979,35c7d078,Physician,13,3,Casualty A,Medications,4.0,5.0
980,35c7d078,Physician,13,4,Casualty F,Medications,7.0,9.0
981,35c7d078,Physician,13,5,Casualty A,SalineLock,2.0,7.0
982,3923cfea,Non-medical,0,0,Casualty B,IvFluids,7.0,8.0
983,3923cfea,Non-medical,0,1,Casualty A,Airway,8.0,7.0
984,3923cfea,Non-medical,0,2,Casualty B,Medications,3.0,8.0
985,3923cfea,Non-medical,0,3,Casualty A,Medications,3.0,7.0
986,3923cfea,Non-medical,0,4,Casualty B,Airway,9.0,8.0
987,3923cfea,Non-medical,0,5,Casualty F,SalineLock,7.0,7.0
988,3923cfea,Non-medical,0,6,Casualty E,Medications,7.0,8.0
989,3923cfea,Non-medical,0,7,Casualty E,TranexamicAcid,1.0,7.0
990,3923cfea,Non-medical,0,8,Casualty E,Medications,4.0,4.0
991,3923cfea,Non-medical,0,9,Casualty E,SalineLock,9.0,7.0
992,3923cfea,Non-medical,0,10,Casualty E,HemorrhageControl,1.0,6.0
993,3923cfea,Non-medical,0,11,Casualty F,Medications,8.0,6.0
994,3923cfea,Non-medical,0,12,Casualty F,Medications,1.0,7.0
995,3dafc5d0,Physician,5,0,Casualty F,Medications,2.0,7.0
996,3dafc5d0,Physician,5,1,Casualty B,Medications,1.0,4.0
997,3dafc5d0,Physician,5,2,Casualty F,Medications,0.0,5.0
998,3dafc5d0,Physician,5,3,Casualty F,IvFluids,3.0,8.0
999,416e608e,Physician,0,0,Casualty E,SalineLock,8.0,7.0
