index,age,tagged,visited,conscious,military_paygrade,mental_status,mental_status_rank,breathing,breathing_rank,hrpmin,hrpmin_rank,avpu,avpu_rank,intent,relationship,relationship_rank,disposition,disposition_rank,directness_of_causality,treatment_count,treatment_count_rank,treatment_time,treatment_time_rank,inj_severity_rank,severity_rank,unvisited_count,injured_count,others_tagged_or_uninjured,aid_available,environment_type,action_type,action_name,treatment,All Predictors.moral_desert(0.6)-maximization(0.2).time,All Predictors.moral_desert(0.6)-maximization(0.2).resources,All Predictors.moral_desert(0.6)-maximization(0.2).risk_reward_ratio,All Predictors.moral_desert(0.6)-maximization(0.2).system,Take-The-Best Priority,Exhaustive Priority,Tallying Priority,Satisfactory Priority,One-Bounce Priority,pDeath,pPain,pBrainInjury,pAirwayBlocked,pInternalBleeding,pExternalBleeding,entropy,entropyDeath,SEVERITY,SUPPLIES_REMAINING,AVERAGE_TIME_USED,DAMAGE_PER_SECOND,MEDSIM_P_DEATH,MEDSIM_P_DEATH_ONE_MIN_LATER,STANDARD_TIME_SEVERITY,SEVERITY_CHANGE,SUPPLIES_USED,ACTION_TARGET_SEVERITY,ACTION_TARGET_SEVERITY_CHANGE,SEVEREST_SEVERITY,SEVEREST_SEVERITY_CHANGE,WEIGHTED_RESOURCE_SCORE,SMOL_MEDICAL_SOUNDNESS,INFORMATION_GAINED,SMOL_MEDICAL_SOUNDNESS_V2,scene,hint,action,qualityoflife,SMOL_MEDICAL_SOUNDNESS.stdev,SMOL_MEDICAL_SOUNDNESS_V2.stdev,MEDSIM_P_DEATH.stdev,entropy.stdev,entropyDeath.stdev,pDeath.stdev,pPain.stdev,pBrainInjury.stdev,pAirwayBlocked.stdev,pInternalBleeding.stdev,pExternalBleeding.stdev,MEDSIM_P_DEATH_ONE_MIN_LATER.stdev,SEVERITY.stdev,SEVERITY_CHANGE.stdev,AVERAGE_TIME_USED.stdev,SEVEREST_SEVERITY.stdev,SEVEREST_SEVERITY_CHANGE.stdev,ACTION_TARGET_SEVERITY.stdev,ACTION_TARGET_SEVERITY_CHANGE.stdev,STANDARD_TIME_SEVERITY.stdev,DAMAGE_PER_SECOND.stdev,HRA Strategy.resources-risk_reward_ratio-system.take-the-best,HRA Strategy.time-resources-risk_reward_ratio-system.exhaustive,HRA Strategy.resources-system.tallying,HRA Strategy.risk_reward_ratio-system.take-the-best,HRA Strategy.time-risk_reward_ratio-system.satisfactory,HRA Strategy.resources-risk_reward_ratio-system.exhaustive,HRA Strategy.resources-risk_reward_ratio-system.satisfactory,HRA Strategy.time-system.one-bounce,HRA Strategy.risk_reward_ratio-system.satisfactory,HRA Strategy.resources-system.take-the-best,HRA Strategy.time-resources-system.tallying,HRA Strategy.resources-risk_reward_ratio.satisfactory,HRA Strategy.resources-system.exhaustive,HRA Strategy.time-system.take-the-best,HRA Strategy.time-resources-system.one-bounce,HRA Strategy.time-system.tallying,HRA Strategy.resources-risk_reward_ratio.exhaustive,HRA Strategy.resources-risk_reward_ratio-system.one-bounce,HRA Strategy.resources-risk_reward_ratio-system.tallying,HRA Strategy.time-resources.exhaustive,HRA Strategy.time-risk_reward_ratio-system.tallying,HRA Strategy.time-risk_reward_ratio-system.one-bounce,HRA Strategy.time-resources-risk_reward_ratio-system.take-the-best,HRA Strategy.time-resources.one-bounce,HRA Strategy.time-system.exhaustive,HRA Strategy.time-resources-risk_reward_ratio.take-the-best,HRA Strategy.time-resources.satisfactory,HRA Strategy.time-resources.take-the-best,HRA Strategy.time-resources-risk_reward_ratio-system.satisfactory,HRA Strategy.time-risk_reward_ratio.take-the-best,HRA Strategy.time-risk_reward_ratio.exhaustive,HRA Strategy.time-risk_reward_ratio.one-bounce,HRA Strategy.time-resources-risk_reward_ratio.one-bounce,HRA Strategy.time-resources-system.take-the-best,HRA Strategy.time-resources-risk_reward_ratio.satisfactory,HRA Strategy.time-resources-system.exhaustive,HRA Strategy.time-resources-risk_reward_ratio.tallying,HRA Strategy.time-resources-risk_reward_ratio.exhaustive,HRA Strategy.time-risk_reward_ratio.satisfactory,HRA Strategy.time-risk_reward_ratio-system.take-the-best,HRA Strategy.resources-system.one-bounce,HRA Strategy.risk_reward_ratio-system.tallying,HRA Strategy.resources-risk_reward_ratio.one-bounce,HRA Strategy.time-resources-system.satisfactory,HRA Strategy.risk_reward_ratio-system.one-bounce,HRA Strategy.time-system.satisfactory,HRA Strategy.risk_reward_ratio-system.exhaustive,HRA Strategy.time-resources.tallying,HRA Strategy.time-risk_reward_ratio-system.exhaustive,HRA Strategy.resources-risk_reward_ratio.tallying,HRA Strategy.time-risk_reward_ratio.tallying,HRA Strategy.time-resources-risk_reward_ratio-system.tallying,HRA Strategy.resources-risk_reward_ratio.take-the-best,HRA Strategy.resources-system.satisfactory,HRA Strategy.time-resources-risk_reward_ratio-system.one-bounce,military_paygrade_rank
1,28,True,True,False,None,CALM,0.5,FAST,0.5,FAST,0.5,VOICE,0.5,None,neutral,0.5,Military Adversary,0.5,None,0,0.5,10,0.5,1.0,1.5,0,1,1,True,urban,treating,APPLY_TREATMENT,Fentanyl Lollipop,seconds,few,low,equal,False,False,False,False,False,0.8924784897308564,0.0,0.07473975487996065,0.0003449216498998108,0.02899958030132694,1.0,3.378830378838317,0.4923945214602008,17496.0,14.0,36.0,486.0,1.0,1.0,97236.0,486.0,1.0,3060.0,85.0,3672.0,102.0,4,9,0,100.0,id-0,{'QualityOfLife': 0.9},"{'name': 'APPLY_TREATMENT', 'params': {'treatment': 'Fentanyl Lollipop', 'casualty': 'casualty_m', 'location': 'unspecified'}}",0.9,0.0,0.0,0.0,2.1843388290941444e-16,6.342482568264055e-17,4.884330107746802e-17,0.0,1.0417663151375683e-17,5.50775254398166e-20,6.215712878342591e-18,0.0,0.0,0.0,0.0,0.0,0.0,0.0,0.0,0.0,0.0,0.0,None,None,None,None,None,None,None,None,None,None,None,None,None,None,None,None,None,None,None,None,None,None,None,None,None,None,None,None,None,None,None,None,None,None,None,None,None,None,None,None,None,None,None,None,None,None,None,None,None,None,None,None,None,None,None,None
2,72,True,True,True,None,CALM,0.5,FAST,0.5,FAST,0.5,ALERT,0.5,None,neutral,0.5,Civilian,0.5,None,0,0.5,10,0.5,0.5,1.0,0,1,1,True,urban,treating,APPLY_TREATMENT,Pressure bandage,seconds,few,low,equal,False,False,False,False,False,0.8789026152707902,0.4049760060776068,0.0415608249088608,0.0003558071796945614,0.06309905303455753,1.0,5.916321365465408,0.532507059173144,2668.3326346544713,14.0,41.359247967479675,64.47111280487805,1.0,1.0,12748.354738313008,64.50908519046527,1.0,83.37963668699187,2.00908519046528,2584.95299796748,62.5,3,43,0,86.58536585365854,id-1,{'QualityOfLife': 0.1},"{'name': 'APPLY_TREATMENT', 'params': {'treatment': 'Pressure bandage', 'casualty': 'casualty_e', 'location': 'right stomach'}}",0.1,0.0,14.973461752727168,5.040371163370172e-17,7.91895258165301e-16,9.106803619993104e-17,5.530181663228281e-17,2.771794091951798e-17,6.212989470308785e-18,5.503228785705763e-20,1.518193248214515e-17,0.0,0.0,83.09594709014895,0.6418955262080794,1.0499493799424966,65.62183624640603,0.0,27.491946412064078,0.6418955262080758,155.5268770928248,0.6132134294939976,0,0,0,0,0,1,0,0,0,0,0,0,1,0,0,0,0,0,0,0,0,0,0,0,0,0,0,0,0,0,0,0,0,0,0,0,0,0,0,0,0,0,0,0,0,0,1,0,0,0,0,0,0,0,0,None
3,24,True,True,True,E-4,CALM,0.5,FAST,0.5,FAST,0.5,ALERT,0.5,None,neutral,0.5,Allied US,0.5,None,0,0.5,10,0.5,1.0,2.0,0,1,1,True,urban,treating,APPLY_TREATMENT,Burn Dressing,seconds,few,low,equal,False,False,False,False,False,0.29372957734212884,0.5726272802890737,0.9906635143001954,0.004337971966796437,0.08562295501013392,0.0,5.088917322677909,0.8734903793372576,9048.0,14.0,64.0,141.375,1.0,1.0,28084.0,141.375,1.0,2520.0,39.375,6528.0,102.0,3,26,0,50.0,id-2,{'QualityOfLife': 0.9},"{'name': 'APPLY_TREATMENT', 'params': {'casualty': 'casualty_p', 'treatment': 'Burn Dressing', 'location': 'neck'}}",0.9,0.0,0.0,0.0,8.447262528744847e-16,6.346856846914191e-17,3.2344614827539975e-17,5.593518567869792e-17,0.0,1.0618285998882699e-18,1.2606843596169937e-17,0.0,0.0,0.0,0.0,0.0,0.0,0.0,0.0,0.0,0.0,0.0,None,None,None,None,None,None,None,None,None,None,None,None,None,None,None,None,None,None,None,None,None,None,None,None,None,None,None,None,None,None,None,None,None,None,None,None,None,None,None,None,None,None,None,None,None,None,None,None,None,None,None,None,None,None,None,0.5
4,72,True,True,True,None,CALM,0.5,FAST,0.5,FAST,0.5,ALERT,0.5,None,neutral,0.5,Civilian,0.5,None,0,0.5,10,0.5,0.5,0.0,0,1,1,True,urban,treating,APPLY_TREATMENT,Pressure bandage,seconds,few,low,equal,False,False,False,False,False,0.8789026152707902,0.4049760060776068,0.0415608249088608,0.0003558071796945614,0.06309905303455753,1.0,5.916321365465408,0.532507059173144,2528.1872184684685,14.0,39.26126126126126,64.53277027027028,1.0,1.0,12761.859515765766,64.40543754422497,1.0,74.35838963963964,1.905437544224964,2453.828828828829,62.5,3,43,0,87.16216216216216,id-1,{'QualityOfLife': 0.1},"{'name': 'APPLY_TREATMENT', 'params': {'treatment': 'Pressure bandage', 'casualty': 'casualty_e', 'location': 'right stomach'}}",0.1,0.0,15.247151416288968,4.1202105295528674e-17,7.812878450010333e-16,9.938634805911981e-17,6.36044216085505e-17,2.728401000137273e-17,6.724273793652466e-18,6.149755779261489e-20,1.4155040316889097e-17,0.0,0.0,77.47005395936623,0.43685686956817815,1.3910061405380367,86.9378837836273,0.0,15.646273134474983,0.4368568695681757,132.02156814540723,0.5263079056690952,0,0,0,0,0,1,0,0,0,0,0,0,1,0,0,0,0,0,0,0,0,0,0,0,0,0,0,0,0,0,0,0,0,0,0,0,0,0,0,0,0,0,0,0,0,0,1,0,0,0,0,0,0,0,0,None
5,24,True,True,True,E-4,CALM,0.5,FAST,0.5,FAST,0.5,ALERT,0.5,None,neutral,0.5,Allied US,0.5,None,0,0.5,10,0.5,1.0,2.0,0,1,1,True,urban,treating,APPLY_TREATMENT,Burn Dressing,seconds,few,low,equal,True,True,True,False,True,0.29372957734212884,0.5726272802890738,0.9906635143001954,0.004337971966796437,0.08562295501013391,0.0,5.088917322677909,0.8734903793372576,9048.0,14.0,64.0,141.375,1.0,1.0,28084.0,141.375,1.0,2520.0,39.375,6528.0,102.0,3,26,0,50.0,id-2,{'QualityOfLife': 0.7},"{'name': 'APPLY_TREATMENT', 'params': {'casualty': 'casualty_v', 'treatment': 'Burn Dressing', 'location': 'left chest'}}",0.7,0.0,0.0,0.0,7.330010534732911e-16,4.8871820756290267e-17,2.98427337077799e-17,5.565400789661047e-17,0.0,1.0725036092063884e-18,1.2905373794781117e-17,0.0,0.0,0.0,0.0,0.0,0.0,0.0,0.0,0.0,0.0,0.0,None,None,None,None,None,None,None,None,None,None,None,None,None,None,None,None,None,None,None,None,None,None,None,None,None,None,None,None,None,None,None,None,None,None,None,None,None,None,None,None,None,None,None,None,None,None,None,None,None,None,None,None,None,None,None,0.5
6,None,None,None,None,None,None,None,None,None,None,None,None,None,None,None,None,None,None,None,None,None,None,None,None,None,0,2,2,True,urban,leaving,END_SCENE,None,seconds,few,low,equal,False,False,False,False,False,None,None,None,None,None,None,None,None,543.0,15.0,1.0,543.0,1.0,1.0,108601.0,543.0,-0.0,None,None,142.0,142.0,5,8,0,50.0,id-0,{'QualityOfLife': 0.1},"{'name': 'END_SCENE', 'params': {}}",0.1,0.0,0.0,0.0,None,None,None,None,None,None,None,None,0.0,0.0,0.0,0.0,0.0,0.0,None,None,0.0,0.0,None,None,None,None,None,None,None,None,None,None,None,None,None,None,None,None,None,None,None,None,None,None,None,None,None,None,None,None,None,None,None,None,None,None,None,None,None,None,None,None,None,None,None,None,None,None,None,None,None,None,None,None,None,None,None,None
7,12,True,True,True,None,CALM,0.5,FAST,0.5,FAST,0.5,ALERT,0.5,None,neutral,0.5,Civilian,0.5,None,0,0.5,10,0.5,0.5,2.5,0,1,1,True,urban,treating,APPLY_TREATMENT,Hemostatic gauze,seconds,few,low,equal,False,False,False,True,False,0.8789026152707902,0.4049760060776068,0.0415608249088608,0.0003558071796945614,0.06309905303455753,1.0,5.916321365465409,0.532507059173144,11467.995689655172,14.0,174.13793103448276,65.86637931034483,1.0,1.0,13329.633620689656,65.85215517241379,1.0,584.375,3.3521551724137932,10883.620689655172,62.5,3,43,0,39.94252873563219,id-1,{'QualityOfLife': 0.9},"{'name': 'APPLY_TREATMENT', 'params': {'treatment': 'Hemostatic gauze', 'casualty': 'casualty_d', 'location': 'right stomach'}}",0.9,0.0,8.18839474067529,4.938946007140019e-17,7.43978227949796e-16,9.199835287121336e-17,5.965118483043804e-17,2.6651697750469835e-17,6.0565219447699754e-18,6.041397418388473e-20,1.5185251137603583e-17,0.0,0.0,210.12268646897806,0.252338389209141,2.548872618274189,159.30453864213683,0.0,50.81814782684158,0.25233838920914436,46.35762074486176,0.21028199100762038,0,0,0,0,1,0,0,1,0,0,1,0,0,1,1,1,0,0,0,1,1,1,1,1,0,1,1,1,1,1,1,1,1,1,1,0,1,1,1,1,0,0,0,1,0,1,0,1,0,0,1,1,0,0,1,None
8,24,True,True,True,E-4,CALM,0.5,FAST,0.5,FAST,0.5,ALERT,0.5,None,neutral,0.5,Allied US,0.5,None,0,0.5,10,0.5,1.0,2.5,0,1,1,True,urban,treating,APPLY_TREATMENT,Burn Dressing,seconds,few,low,equal,True,True,True,False,True,0.29372957734212884,0.5726272802890738,0.9906635143001954,0.004337971966796437,0.08562295501013392,0.0,5.088917322677909,0.8734903793372576,9048.0,14.0,64.0,141.375,1.0,1.0,28084.0,141.375,1.0,2520.0,39.375,6528.0,102.0,3,26,0,50.0,id-2,{'QualityOfLife': 0.7},"{'name': 'APPLY_TREATMENT', 'params': {'casualty': 'casualty_v', 'treatment': 'Burn Dressing', 'location': 'neck'}}",0.7,0.0,0.0,0.0,7.723361941570852e-16,6.184897200291535e-17,3.116895214565913e-17,5.619062758182867e-17,0.0,9.577228358952928e-19,1.3049817865167458e-17,0.0,0.0,0.0,0.0,0.0,0.0,0.0,0.0,0.0,0.0,0.0,None,None,None,None,None,None,None,None,None,None,None,None,None,None,None,None,None,None,None,None,None,None,None,None,None,None,None,None,None,None,None,None,None,None,None,None,None,None,None,None,None,None,None,None,None,None,None,None,None,None,None,None,None,None,None,0.5
9,34,True,True,False,None,CALM,0.5,FAST,0.5,FAST,0.5,VOICE,0.5,None,neutral,0.5,Military Adversary,0.5,None,0,0.5,10,0.5,1.0,1.5,0,1,1,True,urban,treating,APPLY_TREATMENT,Fentanyl Lollipop,seconds,few,low,equal,False,False,False,False,False,0.47328991577921053,0.0,0.31892237844293264,0.00011447129363502086,0.17987132605791942,0.0,5.561772536939888,0.997940500005579,17496.0,14.0,36.0,486.0,1.0,1.0,97236.0,486.0,1.0,540.0,15.0,5112.0,142.0,4,9,0,100.0,id-0,{'QualityOfLife': 0.9},"{'name': 'APPLY_TREATMENT', 'params': {'treatment': 'Fentanyl Lollipop', 'casualty': 'casualty_l', 'location': 'unspecified'}}",0.9,0.0,0.0,0.0,3.730468739650256e-16,6.14598060678275e-17,4.4830805113523003e-17,0.0,3.925231146709438e-17,2.452293575546871e-20,2.127789589837302e-17,0.0,0.0,0.0,0.0,0.0,0.0,0.0,0.0,0.0,0.0,0.0,None,None,None,None,None,None,None,None,None,None,None,None,None,None,None,None,None,None,None,None,None,None,None,None,None,None,None,None,None,None,None,None,None,None,None,None,None,None,None,None,None,None,None,None,None,None,None,None,None,None,None,None,None,None,None,None
10,72,True,True,True,None,CALM,0.5,FAST,0.5,FAST,0.5,ALERT,0.5,None,neutral,0.5,Civilian,0.5,None,0,0.5,10,0.5,0.5,3.0,0,1,1,True,urban,treating,APPLY_TREATMENT,Hemostatic gauze,seconds,few,low,equal,False,False,False,False,False,0.8789026152707902,0.4049760060776068,0.0415608249088608,0.0003558071796945614,0.06309905303455753,1.0,5.916321365465408,0.5325070591731441,11615.594362745098,14.0,176.66666666666666,65.72720588235295,1.0,1.0,13303.167892156862,65.75220588235294,1.0,573.9276960784314,3.2522058823529414,11041.666666666666,62.5,3,43,0,31.372549019607845,id-1,{'QualityOfLife': 0.3},"{'name': 'APPLY_TREATMENT', 'params': {'treatment': 'Hemostatic gauze', 'casualty': 'casualty_e', 'location': 'right stomach'}}",0.3,0.0,10.258486197293852,6.932593560086107e-17,8.233676248914247e-16,9.511012827609962e-17,5.565091935320252e-17,2.7763349198085106e-17,7.151387374514607e-18,6.594569881996129e-20,1.4276347532776372e-17,0.0,0.0,197.60219300449546,0.4256961056549001,3.353115900678989,209.56974379243684,0.0,70.72886865164406,0.4256961056549001,92.08347823469437,0.45036846881534814,0,0,0,0,1,0,0,1,0,0,1,0,0,1,1,1,0,0,0,1,1,1,1,1,0,1,1,1,1,1,1,1,1,1,1,0,1,1,1,1,0,0,0,1,0,1,0,1,0,0,1,1,0,0,1,None
11,12,True,True,True,None,CALM,0.5,FAST,0.5,FAST,0.5,ALERT,0.5,None,neutral,0.5,Civilian,0.5,None,0,0.5,10,0.5,0.5,2.0,0,1,1,True,urban,treating,APPLY_TREATMENT,Hemostatic gauze,seconds,few,low,equal,False,False,False,True,False,0.8789026152707902,0.4049760060776068,0.0415608249088608,0.0003558071796945614,0.06309905303455753,1.0,5.916321365465409,0.5325070591731441,10954.799107142857,14.0,168.30357142857142,65.20089285714286,1.0,1.0,13185.15625,65.09040178571429,1.0,435.8258928571429,2.590401785714286,10518.973214285714,62.5,3,43,0,53.42261904761905,id-1,{'QualityOfLife': 0.9},"{'name': 'APPLY_TREATMENT', 'params': {'treatment': 'Hemostatic gauze', 'casualty': 'casualty_d', 'location': 'right stomach'}}",0.9,0.0,12.07894755456675,3.464938247057288e-17,7.121270024666099e-16,9.226109750402705e-17,5.3041101453847605e-17,2.7429241370679825e-17,6.12392711023747e-18,6.36045006746905e-20,1.5542011953328277e-17,0.0,0.0,224.51274124677815,0.46148839658064195,3.3407655239053087,208.7978452440818,0.0,80.378221441774,0.4614883965806415,97.27739010170863,0.4700873778960065,0,0,0,0,1,0,0,1,0,0,1,0,0,1,1,1,0,0,0,1,1,1,1,1,0,1,1,1,1,1,1,1,1,1,1,0,1,1,1,1,0,0,0,1,0,1,0,1,0,0,1,1,0,0,1,None
12,72,True,True,True,None,CALM,0.5,FAST,0.5,FAST,0.5,ALERT,0.5,None,neutral,0.5,Civilian,0.5,None,0,0.5,10,0.5,0.5,2.0,0,1,1,True,urban,treating,APPLY_TREATMENT,Hemostatic gauze,seconds,few,low,equal,False,False,False,False,False,0.8789026152707902,0.4049760060776068,0.0415608249088608,0.0003558071796945614,0.06309905303455753,1.0,5.916321365465409,0.532507059173144,10999.765625,14.0,168.75,65.284375,1.0,1.0,13202.994791666666,65.18125,1.0,452.890625,2.6812500000000004,10546.875,62.5,3,43,0,49.02777777777778,id-1,{'QualityOfLife': 0.3},"{'name': 'APPLY_TREATMENT', 'params': {'treatment': 'Hemostatic gauze', 'casualty': 'casualty_e', 'location': 'right stomach'}}",0.3,0.0,11.99219640595691,5.1980381120320544e-17,7.75676202921514e-16,8.499975018484807e-17,5.2080761737382893e-17,2.6976260193266094e-17,6.649624181854754e-18,5.007052187317458e-20,1.4103331213533794e-17,0.0,0.0,270.215019438234,0.47530376103523114,3.6388906858723913,227.43066786702448,0.0,86.07285421155697,0.47530376103523236,97.16046465191154,0.46378728892069343,0,0,0,0,1,0,0,1,0,0,1,0,0,1,1,1,0,0,0,1,1,1,1,1,0,1,1,1,1,1,1,1,1,1,1,0,1,1,1,1,0,0,0,1,0,1,0,1,0,0,1,1,0,0,1,None
13,24,True,True,True,E-4,CALM,0.5,FAST,0.5,FAST,0.5,ALERT,0.5,None,neutral,0.5,Allied US,0.5,None,0,0.5,10,0.5,1.0,0.5,0,1,1,True,urban,treating,APPLY_TREATMENT,Burn Dressing,seconds,few,low,equal,True,True,True,False,True,0.29372957734212884,0.5726272802890737,0.9906635143001954,0.004337971966796437,0.08562295501013392,0.0,5.088917322677909,0.8734903793372576,8688.0,14.0,64.0,135.75,1.0,1.0,26704.0,135.75,1.0,2160.0,33.75,6528.0,102.0,3,26,0,100.0,id-2,{'QualityOfLife': 0.7},"{'name': 'APPLY_TREATMENT', 'params': {'casualty': 'casualty_v', 'treatment': 'Burn Dressing', 'location': 'left chest'}}",0.7,0.0,0.0,0.0,7.329096967017675e-16,6.191936798542277e-17,2.5673757012727464e-17,5.63459522287593e-17,0.0,1.0863259789723423e-18,1.323843615798462e-17,0.0,0.0,0.0,0.0,0.0,0.0,0.0,0.0,0.0,0.0,0.0,None,None,None,None,None,None,None,None,None,None,None,None,None,None,None,None,None,None,None,None,None,None,None,None,None,None,None,None,None,None,None,None,None,None,None,None,None,None,None,None,None,None,None,None,None,None,None,None,None,None,None,None,None,None,None,0.5
14,24,True,True,True,E-4,CALM,0.5,FAST,0.5,FAST,0.5,ALERT,0.5,None,neutral,0.5,Allied US,0.5,None,0,0.5,10,0.5,1.0,2.0,0,1,1,True,urban,treating,APPLY_TREATMENT,Burn Dressing,seconds,few,low,equal,False,False,False,False,False,0.29372957734212884,0.5726272802890738,0.9906635143001954,0.004337971966796437,0.08562295501013392,0.0,5.088917322677908,0.8734903793372576,9048.0,14.0,64.0,141.375,1.0,1.0,28084.0,141.375,1.0,2520.0,39.375,6528.0,102.0,3,26,0,50.0,id-2,{'QualityOfLife': 0.9},"{'name': 'APPLY_TREATMENT', 'params': {'casualty': 'casualty_p', 'treatment': 'Burn Dressing', 'location': 'left chest'}}",0.9,0.0,0.0,0.0,6.549009462816114e-16,5.588503884560553e-17,3.207682156348885e-17,5.571683669180692e-17,0.0,1.0008993775665847e-18,1.2355829387923623e-17,0.0,0.0,0.0,0.0,0.0,0.0,0.0,0.0,0.0,0.0,0.0,None,None,None,None,None,None,None,None,None,None,None,None,None,None,None,None,None,None,None,None,None,None,None,None,None,None,None,None,None,None,None,None,None,None,None,None,None,None,None,None,None,None,None,None,None,None,None,None,None,None,None,None,None,None,None,0.5
15,72,True,True,True,None,CALM,0.5,FAST,0.5,FAST,0.5,ALERT,0.5,None,neutral,0.5,Civilian,0.5,None,0,0.5,10,0.5,0.5,2.5,0,1,1,True,urban,treating,APPLY_TREATMENT,Hemostatic gauze,seconds,few,low,equal,False,False,False,False,False,0.8789026152707902,0.4049760060776068,0.0415608249088608,0.0003558071796945614,0.06309905303455753,1.0,5.916321365465409,0.532507059173144,11443.837665016501,14.0,173.84488448844886,65.84220297029702,1.0,1.0,13324.303836633664,65.82314356435644,1.0,578.5323844884489,3.3231435643564358,10865.305280528053,62.5,3,43,0,40.429042904290434,id-1,{'QualityOfLife': 0.3},"{'name': 'APPLY_TREATMENT', 'params': {'treatment': 'Hemostatic gauze', 'casualty': 'casualty_e', 'location': 'right stomach'}}",0.3,0.0,8.282020235782968,5.334746853792607e-17,7.368759996908862e-16,8.687289278987557e-17,5.530190301638532e-17,2.84986030908901e-17,7.41578591844758e-18,5.522575581444797e-20,1.336685852105368e-17,0.0,0.0,238.5648877583475,0.28649490690615437,2.8938879485470568,180.86799678419106,0.0,57.69689097415688,0.2864949069061582,52.63258706419954,0.23874575575513193,0,0,0,0,1,0,0,1,0,0,1,0,0,1,1,1,0,0,0,1,1,1,1,1,0,1,1,1,1,1,1,1,1,1,1,0,1,1,1,1,0,0,0,1,0,1,0,1,0,0,1,1,0,0,1,None
16,24,True,True,True,E-4,CALM,0.5,FAST,0.5,FAST,0.5,ALERT,0.5,None,neutral,0.5,Allied US,0.5,None,0,0.5,10,0.5,1.0,0.0,0,1,1,True,urban,treating,APPLY_TREATMENT,Burn Dressing,seconds,few,low,equal,True,True,True,False,True,0.2937295773421289,0.5726272802890738,0.9906635143001954,0.004337971966796437,0.08562295501013392,0.0,5.088917322677909,0.8734903793372576,8688.0,14.0,64.0,135.75,1.0,1.0,26704.0,135.75,1.0,2160.0,33.75,6528.0,102.0,3,26,0,100.0,id-2,{'QualityOfLife': 0.7},"{'name': 'APPLY_TREATMENT', 'params': {'casualty': 'casualty_v', 'treatment': 'Burn Dressing', 'location': 'left chest'}}",0.7,0.0,0.0,0.0,7.955875442418814e-16,3.347448369359225e-17,2.8352538009326866e-17,5.670507601865373e-17,0.0,9.89094868118775e-19,1.2431055378779397e-17,0.0,0.0,0.0,0.0,0.0,0.0,0.0,0.0,0.0,0.0,0.0,None,None,None,None,None,None,None,None,None,None,None,None,None,None,None,None,None,None,None,None,None,None,None,None,None,None,None,None,None,None,None,None,None,None,None,None,None,None,None,None,None,None,None,None,None,None,None,None,None,None,None,None,None,None,None,0.5
17,72,True,True,True,None,CALM,0.5,FAST,0.5,FAST,0.5,ALERT,0.5,None,neutral,0.5,Civilian,0.5,None,0,0.5,10,0.5,0.5,0.5,0,1,1,True,urban,treating,APPLY_TREATMENT,Pressure bandage,seconds,few,low,equal,False,False,False,False,False,0.8789026152707902,0.4049760060776068,0.0415608249088608,0.0003558071796945614,0.06309905303455753,1.0,5.916321365465409,0.5325070591731441,2591.6182706489676,14.0,40.490412979351035,64.03926991150442,1.0,1.0,12638.205660029498,64.01106115845312,1.0,60.96745943952803,1.511061158453125,2530.65081120944,62.5,3,43,0,100.0,id-1,{'QualityOfLife': 0.1},"{'name': 'APPLY_TREATMENT', 'params': {'treatment': 'Pressure bandage', 'casualty': 'casualty_e', 'location': 'right stomach'}}",0.1,0.0,0.0,3.558227180924025e-17,7.509798419478299e-16,9.485297912652978e-17,5.405335114723344e-17,2.7366872360083267e-17,6.3885367365599084e-18,5.997714496184323e-20,1.369010723082229e-17,0.0,0.0,57.48197283400826,0.3176801725200932,1.0114364767873787,63.214779799211165,0.0,11.65322611497623,0.31768017252009106,95.13529685285468,0.3790650845536564,0,0,0,0,0,1,0,0,0,0,0,0,1,0,0,0,0,0,0,0,0,0,0,0,0,0,0,0,0,0,0,0,0,0,0,0,0,0,0,0,0,0,0,0,0,0,1,0,0,0,0,0,0,0,0,None
18,24,True,True,True,E-4,CALM,0.5,FAST,0.5,FAST,0.5,ALERT,0.5,None,neutral,0.5,Allied US,0.5,None,0,0.5,10,0.5,1.0,2.0,0,1,1,True,urban,treating,APPLY_TREATMENT,Burn Dressing,seconds,few,low,equal,True,True,True,False,True,0.29372957734212884,0.5726272802890738,0.9906635143001954,0.004337971966796437,0.08562295501013392,0.0,5.088917322677908,0.8734903793372576,9048.0,14.0,64.0,141.375,1.0,1.0,28084.0,141.375,1.0,2520.0,39.375,6528.0,102.0,3,26,0,50.0,id-2,{'QualityOfLife': 0.7},"{'name': 'APPLY_TREATMENT', 'params': {'casualty': 'casualty_v', 'treatment': 'Burn Dressing', 'location': 'neck'}}",0.7,0.0,0.0,0.0,7.091287763897887e-16,5.134605574201513e-17,2.886402457945706e-17,5.5502141874510794e-17,0.0,1.1205221532343808e-18,1.36415528841324e-17,0.0,0.0,0.0,0.0,0.0,0.0,0.0,0.0,0.0,0.0,0.0,None,None,None,None,None,None,None,None,None,None,None,None,None,None,None,None,None,None,None,None,None,None,None,None,None,None,None,None,None,None,None,None,None,None,None,None,None,None,None,None,None,None,None,None,None,None,None,None,None,None,None,None,None,None,None,0.5
19,24,True,True,True,E-4,CALM,0.5,FAST,0.5,FAST,0.5,ALERT,0.5,None,neutral,0.5,Allied US,0.5,None,0,0.5,10,0.5,1.0,1.5,0,1,1,True,urban,treating,APPLY_TREATMENT,Burn Dressing,seconds,few,low,equal,False,False,False,False,False,0.2937295773421289,0.5726272802890738,0.9906635143001954,0.004337971966796437,0.08562295501013392,0.0,5.088917322677909,0.8734903793372576,9042.375,14.0,64.0,141.287109375,1.0,1.0,28062.4375,141.287109375,1.0,2514.375,39.287109375,6528.0,102.0,3,26,0,100.0,id-2,{'QualityOfLife': 0.9},"{'name': 'APPLY_TREATMENT', 'params': {'casualty': 'casualty_p', 'treatment': 'Burn Dressing', 'location': 'neck'}}",0.9,0.0,0.0,0.0,7.557131904205645e-16,5.391880104868244e-17,2.96590771859093e-17,5.417333653604157e-17,0.0,1.1247470049618502e-18,1.0267415744625416e-17,0.0,0.0,45.0,0.703125,0.0,0.0,0.0,45.0,0.703125,172.5,0.703125,None,None,None,None,None,None,None,None,None,None,None,None,None,None,None,None,None,None,None,None,None,None,None,None,None,None,None,None,None,None,None,None,None,None,None,None,None,None,None,None,None,None,None,None,None,None,None,None,None,None,None,None,None,None,None,0.5
20,12,True,True,True,None,CALM,0.5,FAST,0.5,FAST,0.5,ALERT,0.5,None,neutral,0.5,Civilian,0.5,None,0,0.5,10,0.5,0.5,3.0,0,1,1,True,urban,treating,APPLY_TREATMENT,Hemostatic gauze,seconds,few,low,equal,False,False,False,True,False,0.8789026152707902,0.40497600607760686,0.0415608249088608,0.0003558071796945614,0.06309905303455753,1.0,5.916321365465408,0.5325070591731441,11626.11607142857,14.0,176.78571428571428,65.74107142857143,1.0,1.0,13306.175595238095,65.76785714285714,1.0,577.0089285714286,3.267857142857143,11049.107142857143,62.5,3,43,0,32.73809523809524,id-1,{'QualityOfLife': 0.9},"{'name': 'APPLY_TREATMENT', 'params': {'treatment': 'Hemostatic gauze', 'casualty': 'casualty_d', 'location': 'right stomach'}}",0.9,0.0,9.45551149533461,5.377548535106969e-17,8.4753310789711e-16,8.889517576086697e-17,5.2222317889104714e-17,3.018023045830233e-17,8.402419586104639e-18,5.207456521024413e-20,1.4504343186685233e-17,0.0,0.0,197.85894441444782,0.37911505245309857,3.460831101971943,216.30194387324644,0.0,61.461732051341265,0.37911505245309857,83.23812932435209,0.4098565122420012,0,0,0,0,1,0,0,1,0,0,1,0,0,1,1,1,0,0,0,1,1,1,1,1,0,1,1,1,1,1,1,1,1,1,1,0,1,1,1,1,0,0,0,1,0,1,0,1,0,0,1,1,0,0,1,None
21,24,True,True,True,E-4,CALM,0.5,FAST,0.5,FAST,0.5,ALERT,0.5,None,neutral,0.5,Allied US,0.5,None,0,0.5,10,0.5,1.0,0.5,0,1,1,True,urban,treating,APPLY_TREATMENT,Burn Dressing,seconds,few,low,equal,False,False,False,False,False,0.29372957734212884,0.5726272802890737,0.9906635143001954,0.004337971966796437,0.08562295501013392,0.0,5.088917322677909,0.8734903793372576,8688.0,14.0,64.0,135.75,1.0,1.0,26704.0,135.75,1.0,2160.0,33.75,6528.0,102.0,3,26,0,100.0,id-2,{'QualityOfLife': 0.9},"{'name': 'APPLY_TREATMENT', 'params': {'casualty': 'casualty_p', 'treatment': 'Burn Dressing', 'location': 'neck'}}",0.9,0.0,0.0,0.0,7.649386000396374e-16,5.819674034588521e-17,2.6344426522287274e-17,5.3732297964621643e-17,0.0,9.624320383256682e-19,1.5285822373211013e-17,0.0,0.0,0.0,0.0,0.0,0.0,0.0,0.0,0.0,0.0,0.0,None,None,None,None,None,None,None,None,None,None,None,None,None,None,None,None,None,None,None,None,None,None,None,None,None,None,None,None,None,None,None,None,None,None,None,None,None,None,None,None,None,None,None,None,None,None,None,None,None,None,None,None,None,None,None,0.5
22,24,True,True,True,E-4,CALM,0.5,FAST,0.5,FAST,0.5,ALERT,0.5,None,neutral,0.5,Allied US,0.5,None,0,0.5,10,0.5,1.0,1.0,0,1,1,True,urban,treating,APPLY_TREATMENT,Burn Dressing,seconds,few,low,equal,False,False,False,False,False,0.29372957734212884,0.5726272802890737,0.9906635143001954,0.004337971966796437,0.08562295501013391,0.0,5.088917322677908,0.8734903793372576,8688.0,14.0,64.0,135.75,1.0,1.0,26704.0,135.75,1.0,2160.0,33.75,6528.0,102.0,3,26,0,100.0,id-2,{'QualityOfLife': 0.9},"{'name': 'APPLY_TREATMENT', 'params': {'casualty': 'casualty_p', 'treatment': 'Burn Dressing', 'location': 'left chest'}}",0.9,0.0,0.0,0.0,7.489778066296962e-16,3.510833468576701e-17,2.6814433536895163e-17,5.851389114294502e-17,0.0,1.3217586112028054e-18,9.366792865097462e-18,0.0,0.0,0.0,0.0,0.0,0.0,0.0,0.0,0.0,0.0,0.0,None,None,None,None,None,None,None,None,None,None,None,None,None,None,None,None,None,None,None,None,None,None,None,None,None,None,None,None,None,None,None,None,None,None,None,None,None,None,None,None,None,None,None,None,None,None,None,None,None,None,None,None,None,None,None,0.5
23,24,True,True,True,E-4,CALM,0.5,FAST,0.5,FAST,0.5,ALERT,0.5,None,neutral,0.5,Allied US,0.5,None,0,0.5,10,0.5,1.0,2.5,0,1,1,True,urban,treating,APPLY_TREATMENT,Burn Dressing,seconds,few,low,equal,False,False,False,False,False,0.29372957734212884,0.5726272802890738,0.9906635143001954,0.004337971966796437,0.08562295501013392,0.0,5.088917322677909,0.8734903793372576,9048.0,14.0,64.0,141.375,1.0,1.0,28084.0,141.375,1.0,2520.0,39.375,6528.0,102.0,3,26,0,50.0,id-2,{'QualityOfLife': 0.9},"{'name': 'APPLY_TREATMENT', 'params': {'casualty': 'casualty_p', 'treatment': 'Burn Dressing', 'location': 'neck'}}",0.9,0.0,0.0,0.0,8.084723911075282e-16,5.93439168722175e-17,2.814929138878541e-17,5.629858277757082e-17,0.0,1.026276248549468e-18,1.3338637204807975e-17,0.0,0.0,0.0,0.0,0.0,0.0,0.0,0.0,0.0,0.0,0.0,None,None,None,None,None,None,None,None,None,None,None,None,None,None,None,None,None,None,None,None,None,None,None,None,None,None,None,None,None,None,None,None,None,None,None,None,None,None,None,None,None,None,None,None,None,None,None,None,None,None,None,None,None,None,None,0.5
24,24,True,True,True,E-4,CALM,0.5,FAST,0.5,FAST,0.5,ALERT,0.5,None,neutral,0.5,Allied US,0.5,None,0,0.5,10,0.5,1.0,0.5,0,1,1,True,urban,treating,APPLY_TREATMENT,Burn Dressing,seconds,few,low,equal,True,True,True,False,True,0.29372957734212884,0.5726272802890737,0.9906635143001954,0.004337971966796437,0.08562295501013392,0.0,5.088917322677908,0.8734903793372576,8688.0,14.0,64.0,135.75,1.0,1.0,26704.0,135.75,1.0,2160.0,33.75,6528.0,102.0,3,26,0,100.0,id-2,{'QualityOfLife': 0.7},"{'name': 'APPLY_TREATMENT', 'params': {'casualty': 'casualty_v', 'treatment': 'Burn Dressing', 'location': 'neck'}}",0.7,0.0,0.0,0.0,7.136698175459213e-16,5.851389114294502e-17,3.026744170887944e-17,5.625630069667006e-17,0.0,8.017136514817111e-19,1.3898609706707372e-17,0.0,0.0,0.0,0.0,0.0,0.0,0.0,0.0,0.0,0.0,0.0,None,None,None,None,None,None,None,None,None,None,None,None,None,None,None,None,None,None,None,None,None,None,None,None,None,None,None,None,None,None,None,None,None,None,None,None,None,None,None,None,None,None,None,None,None,None,None,None,None,None,None,None,None,None,None,0.5
25,12,True,True,True,None,CALM,0.5,FAST,0.5,FAST,0.5,ALERT,0.5,None,neutral,0.5,Civilian,0.5,None,0,0.5,10,0.5,0.5,0.5,0,1,1,True,urban,treating,APPLY_TREATMENT,Pressure bandage,seconds,few,low,equal,False,False,False,True,False,0.8789026152707902,0.4049760060776068,0.0415608249088608,0.0003558071796945614,0.06309905303455753,1.0,5.916321365465408,0.532507059173144,2584.2454680735927,14.0,40.37608225108225,64.04910714285714,1.0,1.0,12640.58069534632,64.01200234192036,1.0,60.74032738095238,1.5120023419203747,2523.505140692641,62.5,3,43,0,100.0,id-1,{'QualityOfLife': 0.7},"{'name': 'APPLY_TREATMENT', 'params': {'treatment': 'Pressure bandage', 'casualty': 'casualty_d', 'location': 'right stomach'}}",0.7,0.0,0.0,5.002260349158216e-17,8.281740332098484e-16,9.945396799489821e-17,5.143430676769148e-17,2.897158355737231e-17,6.0658125577759106e-18,5.541940479561593e-20,1.3266726724399133e-17,0.0,0.0,53.564004144823514,0.30597424254626154,1.0212019122019536,63.82511951262209,0.0,10.261115367798464,0.3059742425462597,97.37749387794987,0.388842266569205,0,0,0,0,0,1,0,0,0,0,0,0,1,0,0,0,0,0,0,0,0,0,0,0,0,0,0,0,0,0,0,0,0,0,0,0,0,0,0,0,0,0,0,0,0,0,1,0,0,0,0,0,0,0,0,None
26,24,True,True,True,E-4,CALM,0.5,FAST,0.5,FAST,0.5,ALERT,0.5,None,neutral,0.5,Allied US,0.5,None,0,0.5,10,0.5,1.0,0.0,0,1,1,True,urban,treating,APPLY_TREATMENT,Burn Dressing,seconds,few,low,equal,False,False,False,False,False,0.29372957734212884,0.5726272802890737,0.9906635143001954,0.004337971966796437,0.08562295501013391,0.0,5.088917322677908,0.8734903793372576,8688.0,14.0,64.0,135.75,1.0,1.0,26704.0,135.75,1.0,2160.0,33.75,6528.0,102.0,3,26,0,100.0,id-2,{'QualityOfLife': 0.9},"{'name': 'APPLY_TREATMENT', 'params': {'casualty': 'casualty_p', 'treatment': 'Burn Dressing', 'location': 'neck'}}",0.9,0.0,0.0,0.0,5.928737191714542e-16,5.190068987299325e-17,3.0413326616399177e-17,5.607473066727768e-17,0.0,9.258678385586172e-19,1.2387577295388357e-17,0.0,0.0,0.0,0.0,0.0,0.0,0.0,0.0,0.0,0.0,0.0,None,None,None,None,None,None,None,None,None,None,None,None,None,None,None,None,None,None,None,None,None,None,None,None,None,None,None,None,None,None,None,None,None,None,None,None,None,None,None,None,None,None,None,None,None,None,None,None,None,None,None,None,None,None,None,0.5
27,24,True,True,True,E-4,CALM,0.5,FAST,0.5,FAST,0.5,ALERT,0.5,None,neutral,0.5,Allied US,0.5,None,0,0.5,10,0.5,1.0,2.5,0,1,1,True,urban,treating,APPLY_TREATMENT,Burn Dressing,seconds,few,low,equal,False,False,False,False,False,0.29372957734212884,0.5726272802890738,0.9906635143001954,0.004337971966796437,0.08562295501013392,0.0,5.088917322677909,0.8734903793372576,9048.0,14.0,64.0,141.375,1.0,1.0,28084.0,141.375,1.0,2520.0,39.375,6528.0,102.0,3,26,0,50.0,id-2,{'QualityOfLife': 0.9},"{'name': 'APPLY_TREATMENT', 'params': {'casualty': 'casualty_p', 'treatment': 'Burn Dressing', 'location': 'left chest'}}",0.9,0.0,0.0,0.0,7.90479894642236e-16,3.867824849782729e-17,2.7964327462034965e-17,5.3841998036171804e-17,0.0,9.617099638727559e-19,9.96575375991421e-18,0.0,0.0,0.0,0.0,0.0,0.0,0.0,0.0,0.0,0.0,0.0,None,None,None,None,None,None,None,None,None,None,None,None,None,None,None,None,None,None,None,None,None,None,None,None,None,None,None,None,None,None,None,None,None,None,None,None,None,None,None,None,None,None,None,None,None,None,None,None,None,None,None,None,None,None,None,0.5
28,24,True,True,True,E-4,CALM,0.5,FAST,0.5,FAST,0.5,ALERT,0.5,None,neutral,0.5,Allied US,0.5,None,0,0.5,10,0.5,1.0,1.5,0,1,1,True,urban,treating,APPLY_TREATMENT,Burn Dressing,seconds,few,low,equal,True,True,True,False,True,0.29372957734212884,0.5726272802890737,0.9906635143001954,0.004337971966796437,0.08562295501013392,0.0,5.088917322677909,0.8734903793372576,9048.0,14.0,64.0,141.375,1.0,1.0,28084.0,141.375,1.0,2520.0,39.375,6528.0,102.0,3,26,0,100.0,id-2,{'QualityOfLife': 0.7},"{'name': 'APPLY_TREATMENT', 'params': {'casualty': 'casualty_v', 'treatment': 'Burn Dressing', 'location': 'left chest'}}",0.7,0.0,0.0,0.0,7.530244974875467e-16,6.056250931624951e-17,3.5066558375317145e-17,5.592040169914044e-17,0.0,1.0206817270210318e-18,1.1731350826758324e-17,0.0,0.0,0.0,0.0,0.0,0.0,0.0,0.0,0.0,0.0,0.0,None,None,None,None,None,None,None,None,None,None,None,None,None,None,None,None,None,None,None,None,None,None,None,None,None,None,None,None,None,None,None,None,None,None,None,None,None,None,None,None,None,None,None,None,None,None,None,None,None,None,None,None,None,None,None,0.5
29,24,True,True,True,E-4,CALM,0.5,FAST,0.5,FAST,0.5,ALERT,0.5,None,neutral,0.5,Allied US,0.5,None,0,0.5,10,0.5,1.0,0.0,0,1,1,True,urban,treating,APPLY_TREATMENT,Burn Dressing,seconds,few,low,equal,True,True,True,False,True,0.29372957734212884,0.5726272802890737,0.9906635143001954,0.004337971966796437,0.08562295501013392,0.0,5.088917322677909,0.8734903793372576,8688.0,14.0,64.0,135.75,1.0,1.0,26704.0,135.75,1.0,2160.0,33.75,6528.0,102.0,3,26,0,100.0,id-2,{'QualityOfLife': 0.7},"{'name': 'APPLY_TREATMENT', 'params': {'casualty': 'casualty_v', 'treatment': 'Burn Dressing', 'location': 'neck'}}",0.7,0.0,0.0,0.0,8.775974917157508e-16,5.666775776780768e-17,4.185191276457067e-17,5.695323946259567e-17,0.0,8.898943666030574e-19,1.0341169870012248e-17,0.0,0.0,0.0,0.0,0.0,0.0,0.0,0.0,0.0,0.0,0.0,None,None,None,None,None,None,None,None,None,None,None,None,None,None,None,None,None,None,None,None,None,None,None,None,None,None,None,None,None,None,None,None,None,None,None,None,None,None,None,None,None,None,None,None,None,None,None,None,None,None,None,None,None,None,None,0.5
30,12,True,True,True,None,CALM,0.5,FAST,0.5,FAST,0.5,ALERT,0.5,None,neutral,0.5,Civilian,0.5,None,0,0.5,10,0.5,0.5,1.0,0,1,1,True,urban,treating,APPLY_TREATMENT,Pressure bandage,seconds,few,low,equal,False,False,False,True,False,0.8789026152707902,0.4049760060776068,0.0415608249088608,0.0003558071796945614,0.06309905303455753,1.0,5.916321365465408,0.5325070591731441,2693.2700785024153,14.0,41.628019323671495,64.63423913043478,1.0,1.0,12789.903532608696,64.69098173711144,1.0,91.51887077294685,2.1909817371114464,2601.7512077294687,62.5,3,43,0,81.8840579710145,id-1,{'QualityOfLife': 0.7},"{'name': 'APPLY_TREATMENT', 'params': {'treatment': 'Pressure bandage', 'casualty': 'casualty_d', 'location': 'right stomach'}}",0.7,0.0,14.571530359443985,7.574562354685532e-17,8.338952117683415e-16,9.211545237676276e-17,5.919828740884242e-17,2.6359918688590837e-17,6.395579364927274e-18,6.954504210984224e-20,1.4573184167023184e-17,0.0,0.0,83.60457100452206,0.6324488329469267,1.0452467605645932,65.32792253528709,0.0,27.256865099551607,0.6324488329469232,152.43647475760307,0.6007889733551343,0,0,0,0,0,1,0,0,0,0,0,0,1,0,0,0,0,0,0,0,0,0,0,0,0,0,0,0,0,0,0,0,0,0,0,0,0,0,0,0,0,0,0,0,0,0,1,0,0,0,0,0,0,0,0,None
31,24,True,True,True,E-4,CALM,0.5,FAST,0.5,FAST,0.5,ALERT,0.5,None,neutral,0.5,Allied US,0.5,None,0,0.5,10,0.5,1.0,0.5,0,1,1,True,urban,treating,APPLY_TREATMENT,Burn Dressing,seconds,few,low,equal,False,False,False,False,False,0.29372957734212884,0.5726272802890737,0.9906635143001954,0.004337971966796437,0.08562295501013392,0.0,5.088917322677908,0.8734903793372576,8688.0,14.0,64.0,135.75,1.0,1.0,26704.0,135.75,1.0,2160.0,33.75,6528.0,102.0,3,26,0,100.0,id-2,{'QualityOfLife': 0.9},"{'name': 'APPLY_TREATMENT', 'params': {'casualty': 'casualty_p', 'treatment': 'Burn Dressing', 'location': 'left chest'}}",0.9,0.0,0.0,0.0,6.234019608390709e-16,4.7600419478962775e-17,3.432515063299903e-17,5.632157586931056e-17,0.0,9.69739903612216e-19,1.0374270908947187e-17,0.0,0.0,0.0,0.0,0.0,0.0,0.0,0.0,0.0,0.0,0.0,None,None,None,None,None,None,None,None,None,None,None,None,None,None,None,None,None,None,None,None,None,None,None,None,None,None,None,None,None,None,None,None,None,None,None,None,None,None,None,None,None,None,None,None,None,None,None,None,None,None,None,None,None,None,None,0.5
32,24,True,True,True,E-4,CALM,0.5,FAST,0.5,FAST,0.5,ALERT,0.5,None,neutral,0.5,Allied US,0.5,None,0,0.5,10,0.5,1.0,1.5,0,1,1,True,urban,treating,APPLY_TREATMENT,Burn Dressing,seconds,few,low,equal,True,True,True,False,True,0.29372957734212884,0.5726272802890738,0.9906635143001954,0.004337971966796437,0.08562295501013392,0.0,5.088917322677908,0.8734903793372576,9042.461538461539,14.0,64.0,141.28846153846155,1.0,1.0,28062.76923076923,141.28846153846155,1.0,2514.4615384615386,39.28846153846154,6528.0,102.0,3,26,0,100.0,id-2,{'QualityOfLife': 0.7},"{'name': 'APPLY_TREATMENT', 'params': {'casualty': 'casualty_v', 'treatment': 'Burn Dressing', 'location': 'neck'}}",0.7,0.0,0.0,0.0,5.8585863975984645e-16,4.695156061343523e-17,3.145841214207288e-17,5.39959409482579e-17,0.0,9.86930951799477e-19,1.1446344040339027e-17,0.0,0.0,44.652504452115046,0.6976953820642976,0.0,0.0,0.0,44.652504452115046,0.6976953820642976,171.16793373310767,0.6976953820642976,None,None,None,None,None,None,None,None,None,None,None,None,None,None,None,None,None,None,None,None,None,None,None,None,None,None,None,None,None,None,None,None,None,None,None,None,None,None,None,None,None,None,None,None,None,None,None,None,None,None,None,None,None,None,None,0.5
33,24,True,True,True,E-4,CALM,0.5,FAST,0.5,FAST,0.5,ALERT,0.5,None,neutral,0.5,Allied US,0.5,None,0,0.5,10,0.5,1.0,1.5,0,1,1,True,urban,treating,APPLY_TREATMENT,Burn Dressing,seconds,few,low,equal,False,False,False,False,False,0.29372957734212884,0.5726272802890737,0.9906635143001954,0.004337971966796437,0.08562295501013392,0.0,5.088917322677909,0.8734903793372576,9042.626865671642,14.0,64.0,141.2910447761194,1.0,1.0,28063.402985074626,141.2910447761194,1.0,2514.626865671642,39.291044776119406,6528.0,102.0,3,26,0,100.0,id-2,{'QualityOfLife': 0.9},"{'name': 'APPLY_TREATMENT', 'params': {'casualty': 'casualty_p', 'treatment': 'Burn Dressing', 'location': 'left chest'}}",0.9,0.0,0.0,0.0,7.739825932576247e-16,4.5047070203246324e-17,2.825941542895658e-17,5.51711682026428e-17,0.0,1.0338079249932412e-18,1.2868174156363618e-17,0.0,0.0,43.98099996826988,0.6872031245042168,0.0,0.0,0.0,43.98099996826988,0.6872031245042168,168.59383321170122,0.6872031245042168,None,None,None,None,None,None,None,None,None,None,None,None,None,None,None,None,None,None,None,None,None,None,None,None,None,None,None,None,None,None,None,None,None,None,None,None,None,None,None,None,None,None,None,None,None,None,None,None,None,None,None,None,None,None,None,0.5
34,12,True,True,True,None,CALM,0.5,FAST,0.5,FAST,0.5,ALERT,0.5,None,neutral,0.5,Civilian,0.5,None,0,0.5,10,0.5,0.5,0.0,0,1,1,True,urban,treating,APPLY_TREATMENT,Pressure bandage,seconds,few,low,equal,False,False,False,True,False,0.8789026152707902,0.4049760060776068,0.0415608249088608,0.0003558071796945614,0.06309905303455753,1.0,5.916321365465408,0.5325070591731441,2506.2844606164385,14.0,38.80650684931507,64.75368150684932,1.0,1.0,12817.307577054795,64.59161334783106,1.0,80.87778253424658,2.0916133478310663,2425.406678082192,62.5,3,43,0,79.337899543379,id-1,{'QualityOfLife': 0.7},"{'name': 'APPLY_TREATMENT', 'params': {'treatment': 'Pressure bandage', 'casualty': 'casualty_d', 'location': 'right stomach'}}",0.7,0.0,14.705807741476645,7.414149777356796e-17,7.977291588683989e-16,8.884635339612918e-17,5.3136848718003955e-17,2.676628875490909e-17,6.888544189992986e-18,6.186870797970718e-20,1.530421110542526e-17,0.0,0.0,63.56695285871981,0.42763777907601686,1.1256507433557055,70.35317145973158,0.0,15.86429215212591,0.4276377790760154,121.90157961171109,0.48495242868837585,0,0,0,0,0,1,0,0,0,0,0,0,1,0,0,0,0,0,0,0,0,0,0,0,0,0,0,0,0,0,0,0,0,0,0,0,0,0,0,0,0,0,0,0,0,0,1,0,0,0,0,0,0,0,0,None
35,24,True,True,True,E-4,CALM,0.5,FAST,0.5,FAST,0.5,ALERT,0.5,None,neutral,0.5,Allied US,0.5,None,0,0.5,10,0.5,1.0,1.0,0,1,1,True,urban,treating,APPLY_TREATMENT,Burn Dressing,seconds,few,low,equal,False,False,False,False,False,0.29372957734212884,0.5726272802890737,0.9906635143001954,0.004337971966796437,0.08562295501013392,0.0,5.088917322677908,0.8734903793372576,8688.0,14.0,64.0,135.75,1.0,1.0,26704.0,135.75,1.0,2160.0,33.75,6528.0,102.0,3,26,0,100.0,id-2,{'QualityOfLife': 0.9},"{'name': 'APPLY_TREATMENT', 'params': {'casualty': 'casualty_p', 'treatment': 'Burn Dressing', 'location': 'neck'}}",0.9,0.0,0.0,0.0,7.117104320873151e-16,5.094052599087501e-17,2.833387888390384e-17,5.4329927771056595e-17,0.0,9.584455650196071e-19,9.551348623289064e-18,0.0,0.0,0.0,0.0,0.0,0.0,0.0,0.0,0.0,0.0,0.0,None,None,None,None,None,None,None,None,None,None,None,None,None,None,None,None,None,None,None,None,None,None,None,None,None,None,None,None,None,None,None,None,None,None,None,None,None,None,None,None,None,None,None,None,None,None,None,None,None,None,None,None,None,None,None,0.5
36,24,True,True,True,E-4,CALM,0.5,FAST,0.5,FAST,0.5,ALERT,0.5,None,neutral,0.5,Allied US,0.5,None,0,0.5,10,0.5,1.0,2.5,0,1,1,True,urban,treating,APPLY_TREATMENT,Burn Dressing,seconds,few,low,equal,True,True,True,False,True,0.29372957734212884,0.5726272802890738,0.9906635143001954,0.004337971966796437,0.08562295501013392,0.0,5.088917322677908,0.8734903793372576,9048.0,14.0,64.0,141.375,1.0,1.0,28084.0,141.375,1.0,2520.0,39.375,6528.0,102.0,3,26,0,50.0,id-2,{'QualityOfLife': 0.7},"{'name': 'APPLY_TREATMENT', 'params': {'casualty': 'casualty_v', 'treatment': 'Burn Dressing', 'location': 'left chest'}}",0.7,0.0,0.0,0.0,6.619072521419682e-16,5.858586397598465e-17,2.82213767600511e-17,5.508248727768381e-17,0.0,1.0502435720811329e-18,1.5212096839061648e-17,0.0,0.0,0.0,0.0,0.0,0.0,0.0,0.0,0.0,0.0,0.0,None,None,None,None,None,None,None,None,None,None,None,None,None,None,None,None,None,None,None,None,None,None,None,None,None,None,None,None,None,None,None,None,None,None,None,None,None,None,None,None,None,None,None,None,None,None,None,None,None,None,None,None,None,None,None,0.5
37,24,True,True,True,E-4,CALM,0.5,FAST,0.5,FAST,0.5,ALERT,0.5,None,neutral,0.5,Allied US,0.5,None,0,0.5,10,0.5,1.0,1.0,0,1,1,True,urban,treating,APPLY_TREATMENT,Burn Dressing,seconds,few,low,equal,True,True,True,False,True,0.2937295773421289,0.5726272802890738,0.9906635143001954,0.004337971966796437,0.08562295501013392,0.0,5.088917322677908,0.8734903793372576,8688.0,14.0,64.0,135.75,1.0,1.0,26704.0,135.75,1.0,2160.0,33.75,6528.0,102.0,3,26,0,100.0,id-2,{'QualityOfLife': 0.7},"{'name': 'APPLY_TREATMENT', 'params': {'casualty': 'casualty_v', 'treatment': 'Burn Dressing', 'location': 'left chest'}}",0.7,0.0,0.0,0.0,5.994747433662376e-16,4.681111291435601e-17,2.6814433536895163e-17,5.73316704659901e-17,0.0,9.32385852356627e-19,7.166458808248763e-18,0.0,0.0,0.0,0.0,0.0,0.0,0.0,0.0,0.0,0.0,0.0,None,None,None,None,None,None,None,None,None,None,None,None,None,None,None,None,None,None,None,None,None,None,None,None,None,None,None,None,None,None,None,None,None,None,None,None,None,None,None,None,None,None,None,None,None,None,None,None,None,None,None,None,None,None,None,0.5
38,24,True,True,True,E-4,CALM,0.5,FAST,0.5,FAST,0.5,ALERT,0.5,None,neutral,0.5,Allied US,0.5,None,0,0.5,10,0.5,1.0,3.0,0,1,1,True,urban,treating,APPLY_TREATMENT,Burn Dressing,seconds,few,low,equal,False,False,False,False,False,0.29372957734212884,0.5726272802890738,0.9906635143001954,0.0043379719667964375,0.08562295501013392,0.0,5.088917322677908,0.8734903793372576,9048.0,14.0,64.0,141.375,1.0,1.0,28084.0,141.375,1.0,2520.0,39.375,6528.0,102.0,3,26,0,50.0,id-2,{'QualityOfLife': 0.9},"{'name': 'APPLY_TREATMENT', 'params': {'casualty': 'casualty_p', 'treatment': 'Burn Dressing', 'location': 'left chest'}}",0.9,0.0,0.0,0.0,6.280369834735101e-16,6.671610070811202e-17,2.925694557147251e-17,5.851389114294502e-17,0.0,9.804555869623986e-19,1.084876577420973e-17,0.0,0.0,0.0,0.0,0.0,0.0,0.0,0.0,0.0,0.0,0.0,None,None,None,None,None,None,None,None,None,None,None,None,None,None,None,None,None,None,None,None,None,None,None,None,None,None,None,None,None,None,None,None,None,None,None,None,None,None,None,None,None,None,None,None,None,None,None,None,None,None,None,None,None,None,None,0.5
39,24,True,True,True,E-4,CALM,0.5,FAST,0.5,FAST,0.5,ALERT,0.5,None,neutral,0.5,Allied US,0.5,None,0,0.5,10,0.5,1.0,0.0,0,1,1,True,urban,treating,APPLY_TREATMENT,Burn Dressing,seconds,few,low,equal,False,False,False,False,False,0.29372957734212884,0.5726272802890738,0.9906635143001954,0.004337971966796437,0.08562295501013392,0.0,5.088917322677909,0.8734903793372576,8688.0,14.0,64.0,135.75,1.0,1.0,26704.0,135.75,1.0,2160.0,33.75,6528.0,102.0,3,26,0,100.0,id-2,{'QualityOfLife': 0.9},"{'name': 'APPLY_TREATMENT', 'params': {'casualty': 'casualty_p', 'treatment': 'Burn Dressing', 'location': 'left chest'}}",0.9,0.0,0.0,0.0,7.332605167337438e-16,7.204078273071459e-17,3.357343951900235e-17,5.4329927771056595e-17,0.0,9.449236803229764e-19,1.3107754345658315e-17,0.0,0.0,0.0,0.0,0.0,0.0,0.0,0.0,0.0,0.0,0.0,None,None,None,None,None,None,None,None,None,None,None,None,None,None,None,None,None,None,None,None,None,None,None,None,None,None,None,None,None,None,None,None,None,None,None,None,None,None,None,None,None,None,None,None,None,None,None,None,None,None,None,None,None,None,None,0.5
40,24,True,True,True,E-4,CALM,0.5,FAST,0.5,FAST,0.5,ALERT,0.5,None,neutral,0.5,Allied US,0.5,None,0,0.5,10,0.5,1.0,1.0,0,1,1,True,urban,treating,APPLY_TREATMENT,Burn Dressing,seconds,few,low,equal,True,True,True,False,True,0.29372957734212884,0.5726272802890737,0.9906635143001954,0.004337971966796437,0.08562295501013392,0.0,5.088917322677908,0.8734903793372576,8688.0,14.0,64.0,135.75,1.0,1.0,26704.0,135.75,1.0,2160.0,33.75,6528.0,102.0,3,26,0,100.0,id-2,{'QualityOfLife': 0.7},"{'name': 'APPLY_TREATMENT', 'params': {'casualty': 'casualty_v', 'treatment': 'Burn Dressing', 'location': 'neck'}}",0.7,0.0,0.0,0.0,5.617333549722722e-16,4.681111291435601e-17,3.510833468576701e-17,5.73316704659901e-17,0.0,7.594576320002776e-19,6.703608384223791e-18,0.0,0.0,0.0,0.0,0.0,0.0,0.0,0.0,0.0,0.0,0.0,None,None,None,None,None,None,None,None,None,None,None,None,None,None,None,None,None,None,None,None,None,None,None,None,None,None,None,None,None,None,None,None,None,None,None,None,None,None,None,None,None,None,None,None,None,None,None,None,None,None,None,None,None,None,None,0.5
41,24,True,True,True,E-4,CALM,0.5,FAST,0.5,FAST,0.5,ALERT,0.5,None,neutral,0.5,Allied US,0.5,None,0,0.5,10,0.5,1.0,3.0,0,1,1,True,urban,treating,APPLY_TREATMENT,Burn Dressing,seconds,few,low,equal,False,False,False,False,False,0.29372957734212884,0.5726272802890737,0.9906635143001954,0.004337971966796436,0.08562295501013392,0.0,5.088917322677909,0.8734903793372576,9048.0,14.0,64.0,141.375,1.0,1.0,28084.0,141.375,1.0,2520.0,39.375,6528.0,102.0,3,26,0,50.0,id-2,{'QualityOfLife': 0.9},"{'name': 'APPLY_TREATMENT', 'params': {'casualty': 'casualty_p', 'treatment': 'Burn Dressing', 'location': 'neck'}}",0.9,0.0,0.0,0.0,1.2560739669470201e-15,0.0,0.0,0.0,0.0,1.2266347333466993e-18,1.962615573354719e-17,0.0,0.0,0.0,0.0,0.0,0.0,0.0,0.0,0.0,0.0,0.0,None,None,None,None,None,None,None,None,None,None,None,None,None,None,None,None,None,None,None,None,None,None,None,None,None,None,None,None,None,None,None,None,None,None,None,None,None,None,None,None,None,None,None,None,None,None,None,None,None,None,None,None,None,None,None,0.5
42,24,True,True,True,E-4,CALM,0.5,FAST,0.5,FAST,0.5,ALERT,0.5,None,neutral,0.5,Allied US,0.5,None,0,0.5,10,0.5,1.0,3.0,0,1,1,True,urban,treating,APPLY_TREATMENT,Burn Dressing,seconds,few,low,equal,True,True,True,False,True,0.29372957734212884,0.5726272802890737,0.9906635143001954,0.004337971966796436,0.08562295501013392,0.0,5.088917322677908,0.8734903793372576,9048.0,14.0,64.0,141.375,1.0,1.0,28084.0,141.375,1.0,2520.0,39.375,6528.0,102.0,3,26,0,50.0,id-2,{'QualityOfLife': 0.7},"{'name': 'APPLY_TREATMENT', 'params': {'casualty': 'casualty_v', 'treatment': 'Burn Dressing', 'location': 'neck'}}",0.7,0.0,0.0,0.0,8.881784197001252e-16,0.0,2.7755575615628914e-17,6.409875621278546e-17,0.0,4.336808689942018e-19,0.0,0.0,0.0,0.0,0.0,0.0,0.0,0.0,0.0,0.0,0.0,0.0,None,None,None,None,None,None,None,None,None,None,None,None,None,None,None,None,None,None,None,None,None,None,None,None,None,None,None,None,None,None,None,None,None,None,None,None,None,None,None,None,None,None,None,None,None,None,None,None,None,None,None,None,None,None,None,0.5
43,24,True,True,True,E-4,CALM,0.5,FAST,0.5,FAST,0.5,ALERT,0.5,None,neutral,0.5,Allied US,0.5,None,0,0.5,10,0.5,1.0,3.0,0,1,1,True,urban,treating,APPLY_TREATMENT,Burn Dressing,seconds,few,low,equal,True,True,True,False,True,0.2937295773421289,0.5726272802890738,0.9906635143001954,0.004337971966796437,0.08562295501013392,0.0,5.08891732267791,0.8734903793372576,9048.0,14.0,64.0,141.375,1.0,1.0,28084.0,141.375,1.0,2520.0,39.375,6528.0,102.0,3,26,0,50.0,id-2,{'QualityOfLife': 0.7},"{'name': 'APPLY_TREATMENT', 'params': {'casualty': 'casualty_v', 'treatment': 'Burn Dressing', 'location': 'left chest'}}",0.7,0.0,0.0,0.0,5.127900497022837e-16,6.409875621278546e-17,3.204937810639273e-17,6.409875621278546e-17,0.0,5.007715329123864e-19,1.3877787807814457e-17,0.0,0.0,0.0,0.0,0.0,0.0,0.0,0.0,0.0,0.0,0.0,None,None,None,None,None,None,None,None,None,None,None,None,None,None,None,None,None,None,None,None,None,None,None,None,None,None,None,None,None,None,None,None,None,None,None,None,None,None,None,None,None,None,None,None,None,None,None,None,None,None,None,None,None,None,None,0.5
